,name,category,title
0,e024.txt,e,Paraguay novel wins US book prize
1,t217.txt,t,Cyber criminals step up the pace
2,p071.txt,p,Visa decision 'every 11 minutes'
3,p065.txt,p,Guantanamo pair's passport ban
4,e030.txt,e,US critics laud comedy Sideways
5,s222.txt,s,McClaren hails Boro's Uefa spirit
6,s236.txt,s,Liverpool revel in night of glory
7,p273.txt,p,'Best person' for top legal job
8,t015.txt,t,Xbox power cable 'fire fear'
9,e226.txt,e,Fox 'too reliant on reality TV'
10,e232.txt,e,Connick Jr to lead Broadway show
11,s008.txt,s,Hansen 'delays return until 2006'
12,t001.txt,t,Ink helps drive democracy in Asia
13,p267.txt,p,UKIP's secret weapon?
14,b213.txt,b,US bank boss hails 'genius' Smith
15,t029.txt,t,Open source leaders slam patents
16,s020.txt,s,Edwards tips Idowu for Euro gold
17,s034.txt,s,Athens memories soar above lows
18,p307.txt,p,Conservative MP defects to Labour
19,t161.txt,t,When technology gets personal
20,e352.txt,e,Vera Drake's Bafta triumph hope
21,t175.txt,t,Broadband in the UK growing fast
22,p313.txt,p,Parties warned over 'grey vote'
23,b401.txt,b,Marsh executive in guilty plea
24,s140.txt,s,Chelsea ridiculed over complaint
25,b373.txt,b,Quiksilver moves for Rossignol
26,t149.txt,t,Microsoft gets the blogging bug
27,s197.txt,s,FA probes crowd trouble
28,s183.txt,s,Mourinho expects fight to finish
29,e150.txt,e,Usher leads Billboard nominations
30,b159.txt,b,India unveils anti-poverty budget
31,p105.txt,p,Muslim police stops 'more likely'
32,p111.txt,p,Kilroy launches 'Veritas' party
33,s418.txt,s,O'Driscoll out of Scotland game
34,t377.txt,t,California sets fines for spyware
35,e144.txt,e,Eminem beats Elvis to number one
36,s356.txt,s,Dawson joins England injury list
37,p139.txt,p,Straw praises Kashmir moves
38,s430.txt,s,Hantuchova in Dubai last eight
39,b165.txt,b,Consumer spending lifts US growth
40,s424.txt,s,Roddick into San Jose final
41,e178.txt,e,Branson show flops on US screens
42,s342.txt,s,Robinson out of Six Nations
43,e193.txt,e,CSI shows give 'unrealistic view'
44,s395.txt,s,Paris promise raises Welsh hopes
45,t388.txt,t,Camera phones are 'must-haves'
46,s381.txt,s,England claim Dubai Sevens glory
47,t389.txt,t,Mobile multimedia slow to catch on
48,s380.txt,s,Ireland 21-19 Argentina
49,s394.txt,s,Tindall wants second opinion
50,e186.txt,e,Johnny and Denise lose Passport
51,e192.txt,e,Springer criticises Opera musical
52,s425.txt,s,Federer claims Dubai crown
53,e179.txt,e,Housewives lift Channel 4 ratings
54,s431.txt,s,Parmar ruled out of Davis Cup tie
55,s419.txt,s,Tindall aiming to earn Lions spot
56,p110.txt,p,UK heading wrong way - Howard
57,e151.txt,e,Eminem secret gig venue revealed
58,p104.txt,p,Royal couple watch nation's mood
59,t362.txt,t,Bad e-mail habits sustains spam
60,s196.txt,s,Wenger signs new deal
61,s141.txt,s,Benitez issues warning to Gerrard
62,t148.txt,t,ITunes user sues Apple over iPod
63,b372.txt,b,Madagascar completes currency switch
64,s155.txt,s,Benitez joy as Reds take control
65,b428.txt,b,Karachi stocks hit historic high
66,e347.txt,e,Casino Royale is next Bond movie
67,p312.txt,p,Stalemate in pension strike talks
68,t160.txt,t,Halo 2 sells five million copies
69,p306.txt,p,Campbell returns to election team
70,s169.txt,s,FA decides not to punish Mourinho
71,p299.txt,p,Conservative backing for ID cards
72,s035.txt,s,Collins banned in landmark case
73,b206.txt,b,Standard Life cuts policy bonuses
74,t028.txt,t,Piero gives rugby perspective
75,s021.txt,s,Chepkemei hit by big ban
76,s009.txt,s,Off-colour Gardener storms to win
77,e233.txt,e,Elvis fans hold birthday bash
78,p266.txt,p,Peers debate Crown succession law
79,t014.txt,t,EU software patent law faces axe
80,e227.txt,e,George Michael to perform for BBC
81,p058.txt,p,EU China arms ban 'to be lifted'
82,s237.txt,s,English clubs make Euro history
83,s223.txt,s,Benitez delight after crucial win
84,e019.txt,e,Slater to star in Broadway play
85,t202.txt,t,Remote control rifle range debuts
86,p064.txt,p,Blair hails Turkey-EU talks deal
87,e031.txt,e,Dirty Den's demise seen by 14m
88,e025.txt,e,New Harry Potter tops book chart
89,p070.txt,p,Opposition grows to house arrests
90,t216.txt,t,TV future in the hands of viewers
91,e033.txt,e,DVD review: Harry Potter and the Prisoner of Azkaban
92,s209.txt,s,Gallas sees two-horse race
93,p066.txt,p,Commons hunt protest charges
94,t200.txt,t,Computer grid to help the world
95,t214.txt,t,Anti-spam screensaver scrapped
96,p072.txt,p,'No more concessions' on terror
97,e027.txt,e,Lit Idol begins search for author
98,b006.txt,b,Japan narrowly escapes recession
99,t228.txt,t,More power to the people says HP
100,s221.txt,s,Lennon brands Rangers favourites
101,p099.txt,p,Blair stresses prosperity goals
102,t002.txt,t,China net cafe culture crackdown
103,p264.txt,p,Blair looks to election campaign
104,e231.txt,e,Three DJs replace Peel radio show
105,e225.txt,e,Stallone evicted from Big Brother
106,t016.txt,t,Global blogger action day called
107,p258.txt,p,Labour MPs' fears over squabbling
108,s037.txt,s,Johnson accuses British sprinters
109,e219.txt,e,US TV host Clark suffers stroke
110,s023.txt,s,Greek pair attend drugs hearing
111,b210.txt,b,Gold falls on IMF sale concerns
112,t176.txt,t,US duo in first spam conviction
113,e345.txt,e,Britney attacks 'false tabloids'
114,t162.txt,t,Microsoft gets the blogging bug
115,b370.txt,b,US manufacturing expands
116,e379.txt,e,Tarantino 'to make Friday sequel'
117,b416.txt,b,Steady job growth continues in US
118,s157.txt,s,Wenger dejected as Arsenal slump
119,b402.txt,b,US interest rate rise expected
120,p338.txt,p,Lib Dems highlight problem debt
121,e386.txt,e,Buffy creator joins Wonder Woman
122,t189.txt,t,Screensaver tackles spam websites
123,s180.txt,s,Brentford v Southampton
124,s194.txt,s,Klinsmann issues Lehmann warning
125,e147.txt,e,Beastie Boys win sampling battle
126,p112.txt,p,Blair 'damaged' by Blunkett row
127,t360.txt,t,Confusion over high-definition TV
128,e153.txt,e,OutKast win at MTV Europe Awards
129,s369.txt,s,South Africa sweep top awards
130,s341.txt,s,Charvis set to lose fitness bid
131,s427.txt,s,Melzer shocks Agassi
132,b172.txt,b,Newest EU members underpin growth
133,t348.txt,t,Game makers get Xbox 2 sneak peek
134,s433.txt,s,Dogged Federer claims Dubai crown
135,s355.txt,s,Wales get Williams fitness boost
136,e184.txt,e,Top of the Pops leaves BBC One
137,b199.txt,b,Georgia plans hidden asset pardon
138,e190.txt,e,Veteran comic Cyril Fletcher dies
139,s382.txt,s,Barbarians 19-47 New Zealand
140,s396.txt,s,Wales silent on Grand Slam talk
141,s397.txt,s,Sculthorpe wants Lions captaincy
142,s383.txt,s,Dawson wins England squad recall
143,b198.txt,b,Cairn shares up on new oil find
144,e191.txt,e,Little Britain vies for TV trophy
145,e185.txt,e,Oscar host Rock to keep it clean
146,b167.txt,b,Hariri killing hits Beirut shares
147,s432.txt,s,Davenport hits out at Wimbledon
148,s354.txt,s,O'Sullivan keeps his powder dry
149,s340.txt,s,Castaignede fires Laporte warning
150,t349.txt,t,Broadband set to revolutionise TV
151,s426.txt,s,Young debut cut short by Ginepri
152,p107.txt,p,Brown outlines third term vision
153,t361.txt,t,Digital UK driven by net and TV
154,s368.txt,s,A November to remember
155,t375.txt,t,Cabs collect mountain of mobiles
156,p113.txt,p,MP's shock at long lost daughter
157,s195.txt,s,Juninho demand for O'Neill talks
158,s156.txt,s,Souness eyes summer move for Owen
159,b371.txt,b,Singapore growth at 8.1% in 2004
160,s142.txt,s,Owen determined to stay in Madrid
161,t163.txt,t,Doors open at biggest gadget fair
162,b359.txt,b,GM in crunch talks on Fiat future
163,p305.txt,p,Labour battle plan 'hides Blair'
164,p311.txt,p,Talks aim to avert pension strike
165,t177.txt,t,Microsoft debuts security tools
166,e344.txt,e,Ray Charles studio becomes museum
167,s022.txt,s,Holmes secures comeback victory
168,b211.txt,b,Electronics firms eye plasma deal
169,b205.txt,b,Orange colour clash set for court
170,p259.txt,p,'Poll Idols' face first hurdles
171,s036.txt,s,Jones doping probe begins
172,e224.txt,e,Farrell due to make US TV debut
173,t017.txt,t,Finding new homes for old phones
174,t003.txt,t,Microsoft seeking spyware trojan
175,e230.txt,e,Aaliyah claim dismissed by court
176,t229.txt,t,Robotic pods take on car design
177,s220.txt,s,Curbishley delight for Johansson
178,s234.txt,s,FA charges Liverpool and Millwall
179,b007.txt,b,Jobs growth still slow in the US
180,p073.txt,p,No to Royal succession shake-up
181,t215.txt,t,Europe backs digital TV lifestyle
182,e026.txt,e,UK's National Gallery in the pink
183,s208.txt,s,Souness backs Smith for Scotland
184,e032.txt,e,Redford's vision of Sundance
185,t201.txt,t,How to make a gigapixel picture
186,p067.txt,p,Child access laws shake-up
187,s230.txt,s,Hitzlsperger waiting on O'Leary
188,s224.txt,s,Bristol City 2-1 Milton Keynes
189,p063.txt,p,Drive to 'save' festive holidays
190,e036.txt,e,Hanks greeted at wintry premiere
191,e022.txt,e,Fears raised over ballet future
192,s218.txt,s,Mourinho plots impressive course
193,t211.txt,t,Millions to miss out on the net
194,p077.txt,p,Brown names 16 March for Budget
195,p088.txt,p,Campaign 'cold calls' questioned
196,e208.txt,e,Duran Duran show set for US TV
197,s032.txt,s,Bekele sets sights on world mark
198,p249.txt,p,"No election TV debate, says Blair"
199,s026.txt,s,Collins appeals against drugs ban
200,e234.txt,e,Elvis regains top chart position
201,t007.txt,t,Microsoft releases bumper patches
202,p261.txt,p,Labour's election love-in
203,e220.txt,e,New media battle for Bafta awards
204,b413.txt,b,EC calls truce in deficit battle
205,s146.txt,s,Rangers seal Old Firm win
206,p329.txt,p,Tory expert denies defeat warning
207,b361.txt,b,US consumer confidence up
208,e368.txt,e,Critics back Aviator for Oscars
209,s152.txt,s,Ferguson fears Milan cutting edge
210,b349.txt,b,S Korean lender faces liquidation
211,t173.txt,t,Supercomputer breaks speed record
212,t167.txt,t,Europe backs digital TV lifestyle
213,e354.txt,e,Stars shine on Bafta red carpet
214,s185.txt,s,Candela completes Bolton switch
215,t198.txt,t,Musical future for phones
216,e383.txt,e,French honour for director Parker
217,s422.txt,s,Safin slumps to shock Dubai loss
218,s344.txt,s,Harinordoquy suffers France axe
219,s350.txt,s,Dal Maso in to replace Bergamasco
220,b163.txt,b,US data sparks inflation worries
221,s436.txt,s,Hantuchova in Dubai last eight
222,p117.txt,p,Boothroyd calls for Lords speaker
223,e142.txt,e,New York rockers top talent poll
224,s378.txt,s,Ireland v USA (Sat)
225,e156.txt,e,Usher leads Soul Train shortlist
226,t365.txt,t,Local net TV takes off in Austria
227,s387.txt,s,Lions blow to World Cup winners
228,s393.txt,s,Bath faced with Tindall ultimatum
229,e194.txt,e,Ethnic producers 'face barriers'
230,b189.txt,b,Fiat chief takes steering wheel
231,e180.txt,e,McCririck out of Big Brother show
232,s392.txt,s,Scrum-half Williams rejoins Bath
233,s386.txt,s,Campbell to be Lions consultant
234,e157.txt,e,US charity anthem is re-released
235,p102.txt,p,Blunkett row should end - Blair
236,t364.txt,t,'Podcasters' look to net money
237,t370.txt,t,Court mulls file-sharing future
238,s379.txt,s,Ireland call up uncapped Campbell
239,e143.txt,e,Blair buys copies of new Band Aid
240,s351.txt,s,Teenager Tait picked for England
241,s437.txt,s,Murray to make Cup history
242,t358.txt,t,What price for 'trusted PC security'?
243,s423.txt,s,Ferrero eyes return to top form
244,b176.txt,b,GSK aims to stop Aids profiteers
245,s345.txt,s,Wilkinson return 'unlikely'
246,e382.txt,e,Last Star Wars 'not for children'
247,t199.txt,t,Multi-purpose TV aids India
248,s190.txt,s,SA return to Mauritius
249,t166.txt,t,'Brainwave' cap controls computer
250,p300.txt,p,Howard denies split over ID cards
251,e355.txt,e,Bafta to hand out movie honours
252,e341.txt,e,Day-Lewis set for Berlin honour
253,p314.txt,p,Blair to face trust issue head on
254,t172.txt,t,Gadget show heralds MP3 Christmas
255,b348.txt,b,US to probe airline travel chaos
256,b360.txt,b,Record year for Chilean copper
257,s153.txt,s,Rush future at Chester uncertain
258,e369.txt,e,Briton wins short film Oscar
259,b406.txt,b,Mixed Christmas for US retailers
260,s147.txt,s,SFA awaits report over Mikoliunas
261,b374.txt,b,Dollar hovers around record lows
262,p328.txt,p,Goldsmith: 'I was not leant on'
263,p274.txt,p,The memory driving Brown's mission
264,e235.txt,e,Pop band Busted to 'take a break'
265,p260.txt,p,Labour seeks to quell feud talk
266,t006.txt,t,Wi-fi web reaches farmers in Peru
267,p248.txt,p,David Blunkett in quotes
268,b214.txt,b,Economy 'strong' in election year
269,s027.txt,s,Holmes feted with further honour
270,s033.txt,s,Greek sprinters suspended by IAAF
271,b200.txt,b,Cuba winds back economic clock
272,p089.txt,p,Tory leader quits legal position
273,s219.txt,s,Hearts of Oak 3-2 Cotonsport
274,e023.txt,e,Famed music director Viotti dies
275,t210.txt,t,Toxic web links help virus spread
276,p062.txt,p,Muslims discuss election concerns
277,s225.txt,s,Hereford 1-1 Doncaster
278,b016.txt,b,China keeps tight rein on credit
279,b002.txt,b,Dollar gains on Greenspan speech
280,s231.txt,s,Mourinho to escape FA charge
281,p048.txt,p,Anglers 'could face prosecution'
282,s227.txt,s,Wenger keeping faith with Almunia
283,e009.txt,e,Da Vinci Code is 'lousy history'
284,s233.txt,s,Redknapp poised for Saints
285,b028.txt,b,Strong demand triggers oil rally
286,t212.txt,t,Lifestyle 'governs mobile choice'
287,p074.txt,p,BNP leader Nick Griffin arrested
288,e021.txt,e,Obituary: Dame Alicia Markova
289,e035.txt,e,Hundreds vie for best film Oscar
290,p060.txt,p,Cardinal criticises Iraq war cost
291,t206.txt,t,Row brewing over peer-to-peer ads
292,s025.txt,s,El Guerrouj targets cross country
293,b216.txt,b,Nissan names successor to Ghosn
294,t038.txt,t,Movie body hits peer-to-peer nets
295,s031.txt,s,Sprinter Walker quits athletics
296,e223.txt,e,Singer Ferguson 'facing eviction'
297,s019.txt,s,London hope over Chepkemei
298,t010.txt,t,Google's toolbar sparks concern
299,p262.txt,p,Howard taunts Blair over splits
300,e237.txt,e,Singer Knight backs anti-gun song
301,p289.txt,p,Baron Kinnock makes Lords debut
302,b404.txt,b,Continental 'may run out of cash'
303,s151.txt,s,Owen delighted with Real display
304,t158.txt,t,Broadband challenges TV viewing
305,b376.txt,b,Dollar slides ahead of New Year
306,b410.txt,b,DaimlerChrysler's 2004 sales rise
307,s145.txt,s,Downing injury mars Uefa victory
308,b438.txt,b,UK interest rates held at 4.75%
309,e357.txt,e,Aviator and Vera take Bafta glory
310,t164.txt,t,Who do you think you are?
311,p316.txt,p,Blair moves to woo Jewish voters
312,s179.txt,s,Blackburn v Burnley
313,s192.txt,s,Redknapp's Saints face Pompey tie
314,s186.txt,s,Stuart joins Norwich from Addicks
315,b389.txt,b,Egypt to sell off state-owned bank
316,s435.txt,s,Mirza shocks Kuznetsova
317,e169.txt,e,US actor 'found with gun residue'
318,s353.txt,s,Scots suffer another injury blow
319,s347.txt,s,Moore questions captaincy
320,s421.txt,s,Henman overcomes rival Rusedski
321,t366.txt,t,Rolling out next generation's net
322,s409.txt,s,O'Connell rejects Lions rumours
323,p100.txt,p,Guantanamo man 'suing government'
324,e155.txt,e,Disputed Nirvana box set on sale
325,p114.txt,p,Green fear for transport ballot
326,t372.txt,t,Text message record smashed again
327,t399.txt,t,Be careful how you code
328,s390.txt,s,Dawson set for new Wasps contract
329,s384.txt,s,Borders 19-20 Ulster
330,e196.txt,e,Gervais writing Simpsons episode
331,e197.txt,e,John Peel replacement show begins
332,s385.txt,s,Lions blow to World Cup stars
333,t398.txt,t,Spam e-mails tempt net shoppers
334,s391.txt,s,Healey targets England comeback
335,e140.txt,e,Rock band U2 break ticket record
336,t373.txt,t,Software watching while you work
337,s408.txt,s,Bortolami predicts dour contest
338,t367.txt,t,Long life promised for laptop PCs
339,s346.txt,s,England 'to launch ref protest'
340,p129.txt,p,UK troops on Ivory Coast standby
341,s420.txt,s,O'Connor aims to grab opportunity
342,b175.txt,b,French consumer spending rising
343,s434.txt,s,Henman hopes ended in Dubai
344,s352.txt,s,Wood - Ireland can win Grand Slam
345,e168.txt,e,Campaigners attack MTV 'sleaze'
346,b388.txt,b,Venezuela identifies 'idle' farms
347,e381.txt,e,Lost Doors frontman movie found
348,s178.txt,s,Cole refuses to blame van Persie
349,e342.txt,e,US composer recreates Bach score
350,e356.txt,e,Stars pay tribute to actor Davis
351,b439.txt,b,German economy rebounds
352,t165.txt,t,'Brainwave' cap controls computer
353,p303.txt,p,Election deal faltered over Heath role
354,b377.txt,b,VW considers opening Indian plant
355,s144.txt,s,Souness delight at Euro progress
356,s150.txt,s,Jol joy at 'professional' Cup win
357,t159.txt,t,Freeze on anti-spam campaign
358,b363.txt,b,Go-ahead for Balkan oil pipeline
359,p288.txt,p,New UKIP defection to 'Veritas'
360,p263.txt,p,How political squabbles snowball
361,e236.txt,e,Franz Ferdinand's art school lesson
362,s018.txt,s,Merritt close to indoor 400m mark
363,t011.txt,t,UK net users leading TV downloads
364,t039.txt,t,Security warning over 'FBI virus'
365,b203.txt,b,'Standoff' on Deutsche's LSE bid
366,s030.txt,s,2004: An Irish Athletics Year
367,s024.txt,s,Chepkemei joins Edinburgh line-up
368,e034.txt,e,Vera Drake scoops film award
369,t207.txt,t,How to smash a home computer
370,p061.txt,p,Assembly ballot papers 'missing'
371,p075.txt,p,Boris opposes mayor apology
372,t213.txt,t,Search sites get closer to users
373,b029.txt,b,UK firm faces Venezuelan land row
374,s232.txt,s,Wolves appoint Hoddle as manager
375,s226.txt,s,Wolves appoint Hoddle as manager
376,p012.txt,p,PM apology over jailings
377,t274.txt,t,World tour for top video gamers
378,e047.txt,e,Berlin applauds Hotel Rwanda
379,s269.txt,s,Reds sink 10-man Magpies
380,b072.txt,b,S Korean consumers spending again
381,t248.txt,t,Apple sues to stop product leaks
382,s241.txt,s,Hamm bows out for US
383,s255.txt,s,Ferguson rues failure to cut gap
384,b066.txt,b,German business confidence slides
385,e084.txt,e,Oscar nominees gear up for lunch
386,e090.txt,e,Berlin cheers for anti-Nazi film
387,b099.txt,b,"GM, Ford cut output as sales fall"
388,s282.txt,s,Ferguson hails Man Utd's resolve
389,s296.txt,s,Fear will help France - Laporte
390,e245.txt,e,Mogul Wilson backing UK rap band
391,t076.txt,t,Google launches TV search service
392,p210.txt,p,Thousands join strike in Wales
393,b258.txt,b,S Korea spending boost to economy
394,t062.txt,t,Ask Jeeves joins web log market
395,e251.txt,e,Brit awards for Devon music acts
396,e279.txt,e,Rapper films music video in jail
397,b270.txt,b,Oil prices reach three-month low
398,p238.txt,p,Regiments' group in poll move
399,b502.txt,b,Algeria hit by further gas riots
400,s057.txt,s,What now for Kelly Holmes?
401,e286.txt,e,Goodrem wins top female MTV prize
402,s080.txt,s,Greek sprinters 'won't run again'
403,t089.txt,t,Latest Opera browser gets vocal
404,s094.txt,s,Lewis-Francis turns to Christie
405,p402.txt,p,Brown's poll campaign move denied
406,e331.txt,e,Russian film wins BBC world prize
407,t102.txt,t,Blogger grounded by her airline
408,p370.txt,p,UK 'discriminated against Roma'
409,t116.txt,t,Fast moving phone bugs appear
410,e325.txt,e,Bening makes awards breakthrough
411,p416.txt,p,Top Tories on Lib Dem 'hit list'
412,s137.txt,s,Highbury tunnel players in clear
413,b462.txt,b,GM issues 2005 profits warning
414,s123.txt,s,England's defensive crisis grows
415,p166.txt,p,Blunkett tells of love and pain
416,s309.txt,s,Murphy: That was a bruising battle
417,e127.txt,e,Downloads enter US singles chart
418,t314.txt,t,Junk e-mails on relentless rise
419,p172.txt,p,Faith schools citizenship warning
420,s453.txt,s,Johansson takes Adelaide victory
421,b106.txt,b,Golden rule 'intact' says ex-aide
422,s335.txt,s,Bortolami predicts dour contest
423,s321.txt,s,Woodward eyes Brennan for Lions
424,s447.txt,s,Serena ends Sania Mirza's dream
425,t328.txt,t,Britons fed up with net service
426,s490.txt,s,Safin plays down Wimbledon hopes
427,s484.txt,s,Sydney return for Henin-Hardenne
428,s485.txt,s,Koubek suspended after drugs test
429,s491.txt,s,Nadal puts Spain 2-0 up
430,p198.txt,p,Police chief backs drinking move
431,s320.txt,s,France v Wales (Sat)
432,t329.txt,t,Intel unveils laser breakthrough
433,b113.txt,b,Brussels raps mobile call charges
434,s446.txt,s,Davenport dismantles young rival
435,b107.txt,b,Liberian economy starts to grow
436,s452.txt,s,Rochus shocks Coria in Auckland
437,s334.txt,s,Stevens named in England line-up
438,e126.txt,e,Doves soar to UK album summit
439,t315.txt,t,Warning over tsunami aid website
440,p167.txt,p,Housing plans criticised by MPs
441,s308.txt,s,Henson stakes early Lions claim
442,e132.txt,e,Hard act to follow for OutKast
443,b477.txt,b,JP Morgan admits US slavery links
444,s122.txt,s,Bees handed potential Man Utd tie
445,e318.txt,e,Roxy Music on Isle of Wight bill
446,b463.txt,b,US economy still growing says Fed
447,s136.txt,s,Iranian misses Israel match
448,b305.txt,b,Brazil approves bankruptcy reform
449,p359.txt,p,Brown ally rejects Budget spree
450,t117.txt,t,Joke e-mail virus tricks users
451,p371.txt,p,Howard pitches for UK ethnic vote
452,e324.txt,e,Moreno debut makes Oscar mark
453,e330.txt,e,Douglas set for Indian adventure
454,p403.txt,p,Voters 'don't trust politicians'
455,t103.txt,t,Camera phones are 'must-haves'
456,s095.txt,s,Man Utd stroll to Cup win
457,s081.txt,s,IAAF will contest Greek decision
458,t088.txt,t,Voters flock to blog awards site
459,e293.txt,e,Singer Ian Brown 'in gig arrest'
460,e287.txt,e,REM announce new Glasgow concert
461,b265.txt,b,Troubled Marsh under SEC scrutiny
462,s056.txt,s,Kluft impressed by Sotherton form
463,s042.txt,s,Radcliffe enjoys winning comeback
464,e278.txt,e,Download chart debut is delayed
465,b271.txt,b,Arsenal 'may seek full share listing'
466,p205.txt,p,Tutu's Guantanamo release call
467,e244.txt,e,Ten-year tragedy of missing Manic
468,p211.txt,p,Top judge clashes with ministers
469,t077.txt,t,Rich pickings for hi-tech thieves
470,s297.txt,s,Davies favours Gloucester future
471,s283.txt,s,TV calls after Carroll error
472,e091.txt,e,Wine comedy wins critics' award
473,b098.txt,b,IMF 'cuts' German growth estimate
474,e085.txt,e,Church anger over Bollywood film
475,b073.txt,b,German growth goes into reverse
476,s240.txt,s,Man Utd through after Exeter test
477,s268.txt,s,Campbell rescues Arsenal
478,e052.txt,e,Spike Lee backs student directors
479,t261.txt,t,Speech takes on search engines
480,t275.txt,t,Souped-up wi-fi is on the horizon
481,p013.txt,p,Howard rebuts asylum criticisms
482,p005.txt,p,Brown ally rejects Budget spree
483,e050.txt,e,Willis sues over movie 'injury'
484,e044.txt,e,US actor Ossie Davis found dead
485,p011.txt,p,Mrs Howard gets key election role
486,t277.txt,t,Tech helps disabled speed demons
487,b065.txt,b,EU aiming to fuel development aid
488,s256.txt,s,Everton's Weir cools Euro hopes
489,e078.txt,e,Baby becomes new Oscar favourite
490,s242.txt,s,Wenger rules out new keeper
491,e093.txt,e,Godzilla gets Hollywood fame star
492,s295.txt,s,Murray returns to Scotland fold
493,s281.txt,s,Wenger shock at Newcastle dip
494,t288.txt,t,Big war games battle it out
495,s068.txt,s,GB select Holmes for double bid
496,p207.txt,p,February poll claim 'speculation'
497,t061.txt,t,Concern over RFID tags
498,e246.txt,e,Singer Sizzla jailed for swearing
499,s054.txt,s,Thanou bullish over drugs hearing
500,b273.txt,b,Markets fall on weak dollar fears
501,t049.txt,t,Domain system scam fear
502,s040.txt,s,Radcliffe tackles marathon tasks
503,e291.txt,e,U2 stars enter rock Hall of Fame
504,e285.txt,e,Rapper 50 Cent scores chart first
505,s097.txt,s,Moyes U-turn on Beattie dismissal
506,s083.txt,s,Johnson too strong for GB runners
507,p415.txt,p,Labour MP praises Tory campaign
508,t115.txt,t,Pompeii gets digital make-over
509,t101.txt,t,Bush website blocked outside US
510,p367.txt,p,"UK heading wrong way, says Howard"
511,p401.txt,p,Blair prepares to name poll date
512,s108.txt,s,Clyde 0-5 Celtic
513,s120.txt,s,Barcelona title hopes hit by loss
514,t129.txt,t,Broadband in the UK growing fast
515,s134.txt,s,Irish finish with home game
516,p398.txt,p,Lib Dems predict 'best ever poll'
517,s478.txt,s,Clijsters hope on Aussie Open
518,e124.txt,e,Byrds producer Melcher dies at 62
519,p165.txt,p,Police urge pub closure power
520,b139.txt,b,German jobless rate at new record
521,s444.txt,s,Hewitt falls to Dent
522,e118.txt,e,REM concerts blighted by illness
523,s322.txt,s,Scotland v Italy (Sat)
524,s336.txt,s,Corry backs skipper Robinson
525,s450.txt,s,Hewitt overcomes wobble in Sydney
526,p159.txt,p,Howard unveils election platform
527,s487.txt,s,Officials respond in court row
528,s493.txt,s,Connors' rallying cry for British tennis
529,s492.txt,s,Henman & Murray claim LTA awards
530,s486.txt,s,Hewitt fights back to reach final
531,s337.txt,s,Prop Jones ready for hard graft
532,p158.txt,p,"Petrol duties frozen, Brown says"
533,b110.txt,b,Japanese growth grinds to a halt
534,s445.txt,s,Angry Williams rejects criticism
535,s323.txt,s,Preview: Ireland v England (Sun)
536,e119.txt,e,Ring of Fire hit co-writer dies
537,e131.txt,e,Franz man seeks government help
538,t302.txt,t,Speak easy plan for media players
539,b138.txt,b,Winter freeze keeps oil above $50
540,t316.txt,t,More women turn to net security
541,s479.txt,s,Clijsters could play Aussie Open
542,e125.txt,e,Snow Patrol feted at Irish awards
543,p399.txt,p,Tories reject rethink on axed MP
544,b306.txt,b,Retail sales show festive fervour
545,b460.txt,b,Jobs go at Oracle after takeover
546,s135.txt,s,Israeli club look to Africa
547,b474.txt,b,Virgin Blue shares plummet 20%
548,t100.txt,t,Honour for UK games maker
549,s109.txt,s,Hearts 2-1 Livingston
550,p400.txt,p,Ex-PM Lord Callaghan dies aged 92
551,e327.txt,e,Kidman wins photographer battle
552,s082.txt,s,Greek duo cleared in doping case
553,s096.txt,s,Van Nistelrooy set to return
554,e284.txt,e,DJ double act revamp chart show
555,e290.txt,e,Angels 'favourite funeral song'
556,t048.txt,t,'No re-draft' for EU patent law
557,b272.txt,b,Markets signal Brazilian recovery
558,s041.txt,s,Gatlin and Hayes win Owen awards
559,s055.txt,s,Holmes is hit by hamstring injury
560,b266.txt,b,Could Yukos be a blessing in disguise?
561,p212.txt,p,Tory expert denies defeatism
562,t074.txt,t,China 'to overtake US net use'
563,s069.txt,s,Holmes back on form in Birmingham
564,e253.txt,e,Scissor Sisters triumph at Brits
565,t060.txt,t,Microsoft releases patches
566,p206.txt,p,Blair's hope for Blunkett return
567,s280.txt,s,Mourinho takes swipe at Arsenal
568,s294.txt,s,London Irish 19-33 Wasps
569,e086.txt,e,Bookmakers back Aviator for Oscar
570,e092.txt,e,Actor Foxx sees Globe nominations
571,e079.txt,e,Russian film wins BBC world prize
572,b064.txt,b,Lufthansa may sue over Bush visit
573,p010.txt,p,Crucial decision on super-casinos
574,p004.txt,p,Labour chooses Manchester
575,t262.txt,t,Broadband steams ahead in the US
576,e051.txt,e,Foxx and Swank win US awards
577,e069.txt,e,Foxx and Swank take actors awards
578,s253.txt,s,Old Firm pair handed suspensions
579,b074.txt,b,Turkey-Iran mobile deal 'at risk'
580,p028.txt,p,Lib Dems demand new inquiry
581,s247.txt,s,Real will finish abandoned match
582,e055.txt,e,"DVD review: I, Robot"
583,s509.txt,s,Melzer shocks Agassi in San Jose
584,t266.txt,t,Blinx sequel purrs nicely
585,p014.txt,p,Blair rejects Tory terror offer
586,t272.txt,t,Windows worm travels with Tetris
587,s290.txt,s,O'Gara revels in Ireland victory
588,t299.txt,t,Rings of steel combat net attacks
589,s284.txt,s,Hodgson shoulders England blame
590,e096.txt,e,Singer's film to show at festival
591,e082.txt,e,Aviator 'creator' in Oscars snub
592,b262.txt,b,Asian quake hits European shares
593,t058.txt,t,BT boosts its broadband packages
594,s051.txt,s,IAAF to rule on Greek sprint pair
595,b504.txt,b,Aids and climate top Davos agenda
596,s045.txt,s,Trial date is set for Balco case
597,b510.txt,b,Lacroix label bought by US firm
598,b276.txt,b,India power shares jump on debut
599,p202.txt,p,Tories opposing 24-hour drinking
600,e257.txt,e,Row threatens Hendrix museum plan
601,e243.txt,e,Blue beat U2 to top France honour
602,s079.txt,s,Wada will appeal against ruling
603,p216.txt,p,Ministers 'naive' over phone-taps
604,s092.txt,s,Collins calls for Chambers return
605,s086.txt,s,Disappointed Scott in solid start
606,e280.txt,e,Music man to the Oscars
607,b289.txt,b,UK economy facing 'major risks'
608,s125.txt,s,Premier League planning Cole date
609,s131.txt,s,Newry to fight cup exit in courts
610,t138.txt,t,Firefox browser takes on Microsoft
611,p376.txt,p,MPs demand 'Budget leak' answers
612,t110.txt,t,Podcasts mark rise of DIY radio
613,e323.txt,e,Vera Drake leads UK Oscar hopes
614,s119.txt,s,Time to get tough on friendlies?
615,p410.txt,p,Sayeed to stand down as Tory MP
616,e337.txt,e,Career honour for actor DiCaprio
617,t104.txt,t,Games 'deserve a place in class'
618,p362.txt,p,Brown comes out shooting
619,s327.txt,s,Sella wants Michalak recall
620,p148.txt,p,Labour trio 'had vote-rig factory'
621,s441.txt,s,Serena becomes world number two
622,b100.txt,b,Ebbers denies WorldCom fraud
623,s455.txt,s,Slovakia seal Hopman Cup success
624,e109.txt,e,Band Aid retains number one spot
625,s333.txt,s,Parker misses England clash
626,e121.txt,e,Belle named 'best Scottish band'
627,t312.txt,t,Web radio takes Spanish rap global
628,p174.txt,p,Escaped prisoner report ordered
629,p160.txt,p,Lawyer attacks anti-terror laws
630,s469.txt,s,Moya emotional after Davis Cup win
631,e135.txt,e,Vibe awards back despite violence
632,s482.txt,s,Roddick in talks over new coach
633,s496.txt,s,Philippoussis doubt over Open bid
634,s497.txt,s,Slovakia reach Hopman Cup final
635,s483.txt,s,Hewitt survives Nalbandian epic
636,s468.txt,s,Classy Henman makes winning start
637,t307.txt,t,How to make a greener computer
638,p161.txt,p,Turkey deal 'to help world peace'
639,e134.txt,e,Rock group Korn's guitarist quits
640,e120.txt,e,'My memories of Marley...'
641,t313.txt,t,What high-definition will do to DVDs
642,b129.txt,b,Iraq to invite phone licence bids
643,s454.txt,s,Hingis hints at playing comeback
644,b101.txt,b,Australia rates at four year high
645,s332.txt,s,Harinordoquy suffers France axe
646,s326.txt,s,Robinson answers critics
647,s440.txt,s,Martinez sees off Vinci challenge
648,p149.txt,p,Blair returns from peace mission
649,e336.txt,e,Films on war triumph at Sundance
650,b459.txt,b,'Golden economic period' to end
651,p405.txt,p,Abortion not a poll issue - Blair
652,t105.txt,t,Nuclear body seeks new tech
653,t111.txt,t,Sony wares win innovation award
654,p377.txt,p,US casino 'tricks' face ban in UK
655,p411.txt,p,Howard's unfinished business
656,s130.txt,s,Weir poised for Sunderland move
657,t139.txt,t,Halo fans' hope for sequel
658,s124.txt,s,Ferdinand casts doubt over Glazer
659,e281.txt,e,Church urges Nelly show boycott
660,s087.txt,s,GB quartet get cross country call
661,s093.txt,s,Costin aims for comeback in 2006
662,s078.txt,s,Butler strikes gold in Spain
663,e242.txt,e,TOTP turns to Elvis impersonator
664,p217.txt,p,Schools to take part in mock poll
665,t071.txt,t,Games enter the classroom
666,e256.txt,e,Brits debate over 'urban' music
667,s044.txt,s,White admits to Balco drugs link
668,t059.txt,t,Mobiles 'not media players yet'
669,s050.txt,s,IAAF awaits Greek pair's response
670,e097.txt,e,Surprise win for anti-Bush film
671,s285.txt,s,Vickery out of Six Nations
672,s291.txt,s,Thomas out of Six Nations
673,t273.txt,t,US state acts to stop 'spammers'
674,p015.txt,p,Talks held on Gibraltar's future
675,e054.txt,e,Mumbai bombs movie postponed
676,t267.txt,t,The year search became personal
677,s508.txt,s,Almagro continues Spanish surge
678,b075.txt,b,EU ministers to mull jet fuel tax
679,s246.txt,s,Chelsea hold Arsenal
680,s252.txt,s,Ferguson rues failure to cut gap
681,e068.txt,e,Tautou 'to star in Da Vinci film'
682,b061.txt,b,Further rise in UK jobless total
683,s244.txt,s,Pearce keen on succeeding Keegan
684,b063.txt,b,Cars pull down US retail figures
685,t259.txt,t,Apple sues 'Tiger' file sharers
686,s250.txt,s,Dunne keen to commit to Man City
687,e042.txt,e,Berlin honours S Korean director
688,s278.txt,s,Robben and Cole earn Chelsea win
689,t271.txt,t,US hacker breaks into T-Mobile
690,t265.txt,t,Half of UK's mobiles 'go online'
691,p003.txt,p,Hewitt decries 'career sexism'
692,e056.txt,e,Brando 'rejected Godfather role'
693,s287.txt,s,Laporte tinkers with team
694,s293.txt,s,Newcastle 27-27 Gloucester
695,e081.txt,e,Oscars race enters final furlong
696,e095.txt,e,Aviator wins top Globes accolades
697,p229.txt,p,Iraqis win death test case probe
698,b275.txt,b,Five million Germans out of work
699,s046.txt,s,Radcliffe eyes hard line on drugs
700,e268.txt,e,Black Sabbath top rock album poll
701,s052.txt,s,Holmes starts 2005 with GB events
702,b507.txt,b,UK economy ends year with spurt
703,b261.txt,b,Booming markets shed few tears
704,t073.txt,t,'Evil twin' fear for wireless net
705,e240.txt,e,Elvis 'set for chart hat-trick'
706,e254.txt,e,Jamelia's return to the top
707,p201.txt,p,Howard rejects BNP's claim
708,t067.txt,t,Tough rules for ringtone sellers
709,s085.txt,s,Tulu to appear at Caledonian run
710,s091.txt,s,Balco case trial date pushed back
711,e283.txt,e,Prodigy join V Festival line-up
712,b301.txt,b,Libya takes $1bn in unfrozen funds
713,e308.txt,e,Tautou 'to star in Da Vinci film'
714,s132.txt,s,Republic to face China and Italy
715,b473.txt,b,Two Nigerian banks set to merge
716,s126.txt,s,McCall earns Tannadice reprieve
717,t107.txt,t,Pandas benefit from wireless net
718,p407.txt,p,Boateng to step down at election
719,e334.txt,e,Singer's film to show at festival
720,e320.txt,e,Johnny Cash manager Holiff dies
721,s330.txt,s,Campese berates whingeing England
722,t339.txt,t,Hotspot users gain free net calls
723,b117.txt,b,Car giant hit by Mercedes slump
724,s442.txt,s,Hingis to make unexpected return
725,s324.txt,s,Leeds v Saracens (Fri)
726,e136.txt,e,'Christmas song formula' unveiled
727,p163.txt,p,Kinnock to urge reform in Lords
728,t305.txt,t,Mobiles get set for visual radio
729,p177.txt,p,Plaid MP's cottage arson claim
730,e122.txt,e,Dance music not dead says Fatboy
731,s318.txt,s,Williams says he will never quit
732,s495.txt,s,Federer joins all-time greats
733,s481.txt,s,Roddick splits from coach Gilbert
734,p188.txt,p,Security papers 'found in street'
735,p189.txt,p,Blair congratulates Bush on win
736,s480.txt,s,Edgy Agassi struggles past Dent
737,s494.txt,s,Roche 'turns down Federer offer'
738,t310.txt,t,Latest Opera browser gets vocal
739,e123.txt,e,Label withdraws McFadden's video
740,e137.txt,e,Glastonbury fans to get ID cards
741,t304.txt,t,Format wars could 'confuse users'
742,p162.txt,p,"Protect whistleblowers, TUC says"
743,s443.txt,s,Clijsters set for February return
744,s325.txt,s,Worcester v Sale (Fri)
745,s331.txt,s,O'Driscoll/Gregan lead Aid stars
746,s457.txt,s,Injury sidelines Philippoussis
747,b102.txt,b,US company admits Benin bribery
748,p412.txt,p,'Last chance' warning for voters
749,t112.txt,t,Portable PlayStation ready to go
750,t106.txt,t,Web logs aid disaster recovery
751,p406.txt,p,Profile: Gordon Brown
752,s127.txt,s,Kewell waits as injury drags on
753,b472.txt,b,China suspends 26 power projects
754,p348.txt,p,TV debate urged for party chiefs
755,s133.txt,s,Finnan says Irish can win group
756,e309.txt,e,Double win for Sea Inside
757,e296.txt,e,Snow Patrol bassist exits group
758,e282.txt,e,Rap feud in 50 Cent's G-Unit crew
759,s090.txt,s,Relay squad thrilled with honours
760,t099.txt,t,Blogs take on the mainstream
761,s084.txt,s,Holmes starts 2005 with GB events
762,e255.txt,e,Cult band Kasabian surge forward
763,t066.txt,t,Kenyan school turns to handhelds
764,p200.txt,p,Mallon wades into NE vote battle
765,p214.txt,p,Custody death rate 'shocks' MPs
766,e241.txt,e,Youssou N'Dour wins music prize
767,s053.txt,s,Gebrselassie in London triple bid
768,e269.txt,e,Michael film signals 'retirement'
769,b274.txt,b,Google shares fall as staff sell
770,p228.txt,p,Labour pig poster 'anti-Semitic'
771,s047.txt,s,Kenteris denies faking road crash
772,e094.txt,e,God cut from Dark Materials film
773,b089.txt,b,Europe blames US over weak dollar
774,s292.txt,s,Wales coach elated with win
775,s286.txt,s,Yachvili savours France comeback
776,p002.txt,p,Watchdog probes e-mail deletions
777,e057.txt,e,Dutch watch Van Gogh's last film
778,e043.txt,e,Stars pay tribute to actor Davis
779,t270.txt,t,Rings of steel combat net attacks
780,p016.txt,p,Crisis 'ahead in social sciences'
781,t258.txt,t,EU software patent law delayed
782,s245.txt,s,Bomb threat at Bernabeu stadium
783,b076.txt,b,Palestinian economy in decline
784,t255.txt,t,Hollywood campaign hits websites
785,e066.txt,e,US box office set for record high
786,s248.txt,s,Poll explains free-kick decision
787,p027.txt,p,Butler launches attack on Blair
788,t241.txt,t,Hollywood to sue net film pirates
789,t269.txt,t,Yahoo moves into desktop search
790,s506.txt,s,Rusedski forced out in Marseille
791,s274.txt,s,Gerrard happy at Anfield
792,t296.txt,t,Gadget market 'to grow in 2005'
793,t282.txt,t,Dublin hi-tech labs to shut down
794,b090.txt,b,French wine gets 70m euro top-up
795,e099.txt,e,Controversial film tops festival
796,e264.txt,e,Grammys honour soul star Charles
797,p231.txt,p,Woolf murder sentence rethink
798,t057.txt,t,Half-Life 2 sweeps Bafta awards
799,t043.txt,t,DVD copy protection strengthened
800,p225.txt,p,Blair to face MPs amid feud talk
801,s062.txt,s,Brizzel to run AAA's in Sheffield
802,p219.txt,p,Jamieson issues warning to bigots
803,b245.txt,b,The 'ticking budget' facing the US
804,s076.txt,s,African double in Edinburgh
805,t094.txt,t,What high-definition will do to DVDs
806,t080.txt,t,New delay hits EU software laws
807,s089.txt,s,Thanou desperate to make return
808,b292.txt,b,Steady job growth continues in US
809,b286.txt,b,China continues breakneck growth
810,e310.txt,e,BBC denies Blackadder TV comeback
811,p345.txt,p,Teenagers to be allowed to be MPs
812,t123.txt,t,Attack prompts Bush site block
813,t137.txt,t,When invention turns to innovation
814,s116.txt,s,Bosvelt optimistic over new deal
815,b443.txt,b,Kraft cuts snack ads for children
816,b325.txt,b,Indy buys into India paper
817,p379.txt,p,Election 'could be terror target'
818,s102.txt,s,Gerrard plays down European hopes
819,b457.txt,b,Germany calls for EU reform
820,p386.txt,p,Straw backs ending China embargo
821,t321.txt,t,Consumer concern over RFID tags
822,p147.txt,p,Labour accused of broken pledge
823,e112.txt,e,Elvis set to top UK singles chart
824,s328.txt,s,Umaga ready for Lions
825,e106.txt,e,Streets have 'album of the year'
826,p153.txt,p,Clarke to unveil immigration plan
827,t335.txt,t,Mobile networks seek turbo boost
828,s472.txt,s,Bryan twins keep US hopes alive
829,s314.txt,s,O'Driscoll saves Irish blushes
830,s300.txt,s,Bell set for England debut
831,s466.txt,s,Moya clinches Cup for Spain
832,t309.txt,t,What's next for next-gen consoles?
833,p184.txt,p,Blair rejects Iraq advice calls
834,s499.txt,s,Moya sidesteps Davis Cup in 2005
835,p190.txt,p,Howard 'truanted to play snooker'
836,p191.txt,p,Short attacks US over tsunami aid
837,s498.txt,s,Dent continues Adelaide progress
838,p185.txt,p,Police probe BNP mosque leaflet
839,s301.txt,s,O'Sullivan quick to hail Italians
840,t308.txt,t,Microsoft makes anti-piracy move
841,s467.txt,s,Capriati to miss Melbourne
842,s473.txt,s,Faultless Federer has no equal
843,s315.txt,s,Barkley fit for match in Ireland
844,e107.txt,e,Manics in charge of BBC 6 Music
845,t334.txt,t,Security warning over 'FBI virus'
846,p152.txt,p,Minister defends hunting ban law
847,t320.txt,t,PlayStation 3 processor unveiled
848,s329.txt,s,"Umaga ready for ""fearsome"" Lions"
849,b495.txt,b,BBC poll indicates economic gloom
850,b481.txt,b,Christmas sales worst since 1981
851,b330.txt,b,Fresh hope after Argentine crisis
852,e339.txt,e,Keanu Reeves given Hollywood star
853,b442.txt,b,Lesotho textile workers lose jobs
854,p378.txt,p,Blair defends terror law changes
855,t136.txt,t,BT offers free net phone calls
856,e311.txt,e,Corbett attacks 'dumbed-down TV'
857,t122.txt,t,Concerns over Windows ATMs
858,b287.txt,b,Japan's ageing workforce: built to last
859,t081.txt,t,Savvy searchers fail to spot ads
860,p218.txt,p,Blair dismisses quit claim report
861,s077.txt,s,Yelling takes Cardiff hat-trick
862,s063.txt,s,Holmes urged to compete at Worlds
863,e259.txt,e,Rapper Kanye West's shrewd soul
864,p224.txt,p,Terror detainees win Lords appeal
865,t042.txt,t,Hotspot users gain free net calls
866,e265.txt,e,Abba reunite for musical premiere
867,t056.txt,t,Sporting rivals go to extra time
868,p230.txt,p,Burglar defence guidelines issued
869,b091.txt,b,Russia gets investment blessing
870,e098.txt,e,Da Vinci film to star Tom Hanks
871,t283.txt,t,Games help you 'learn and play'
872,s275.txt,s,Beckham rules out management move
873,b046.txt,b,Industrial output falls in Japan
874,s507.txt,s,Big guns ease through in San Jose
875,t268.txt,t,IBM frees 500 software patents
876,s261.txt,s,McClaren eyes Uefa Cup top spot
877,s249.txt,s,Solskjaer raises hopes of return
878,t240.txt,t,Set your television to wow
879,p026.txt,p,Blair sets date for Africa report
880,p032.txt,p,Hunt demo at Labour meeting
881,t254.txt,t,Broadband in the UK gathers pace
882,e067.txt,e,Low-budget film wins Cesar
883,p024.txt,p,Brown visits slum on Africa trip
884,e071.txt,e,UK debut for Kevin Spacey movie
885,e065.txt,e,Animation charms Japan box office
886,t256.txt,t,Poles play with GameBoy 'blip-pop'
887,b044.txt,b,Japan economy slides to recession
888,s511.txt,s,Roddick to face Saulnier in final
889,p018.txt,p,Straw to attend Auschwitz service
890,s277.txt,s,Celtic unhappy over Bulgaria date
891,e059.txt,e,Sky takes over Oscar night mantle
892,s263.txt,s,McLeish ready for criticism
893,s505.txt,s,Soderling wins tense Milan final
894,t281.txt,t,Cyber crime booms in 2004
895,s288.txt,s,Lewsey puzzle over disallowed try
896,t295.txt,t,More power to the people says HP
897,e273.txt,e,Famed music director Viotti dies
898,p232.txt,p,Probe launched on Ken Nazi jibe
899,t054.txt,t,Moving mobile improves golf swing
900,e267.txt,e,T in the Park sells out in days
901,s075.txt,s,Gardener wins double in Glasgow
902,b246.txt,b,Ebbers 'aware' of WorldCom fraud
903,t068.txt,t,Creator of first Apple Mac dies
904,s061.txt,s,Johnson edges out rival Sotherton
905,t083.txt,t,Microsoft makes anti-piracy move
906,b285.txt,b,EU 'too slow' on economic reforms
907,e307.txt,e,Carry On star Patsy Rowlands dies
908,t134.txt,t,Gates opens biggest gadget fair
909,p352.txt,p,Blair joins school sailing trip
910,p346.txt,p,Labour's four little words
911,t120.txt,t,Dozens held over ID fraud site
912,s129.txt,s,Injury doubts beset Wales squad
913,s101.txt,s,Man City 0-2 Man Utd
914,t108.txt,t,Search wars hit desktop PCs
915,s115.txt,s,Giggs handed Wales leading role
916,b497.txt,b,FBI agent colludes with analyst
917,p150.txt,p,Galloway plea for hostage release
918,s459.txt,s,Federer breezes into semi-finals
919,e105.txt,e,Pop band Busted to 'take a break'
920,e111.txt,e,Elton plays Paris charity concert
921,t322.txt,t,Mobiles 'not media players yet'
922,s465.txt,s,Henin-Hardenne beaten on comeback
923,e139.txt,e,U2 to play at Grammy awards show
924,s303.txt,s,Jones happy with Henson heroics
925,s317.txt,s,Munster Cup tie switched to Spain
926,p178.txt,p,Hatfield executives go on trial
927,s471.txt,s,Capriati out of Australian Open
928,p193.txt,p,Tories attack EU asylum moves
929,p187.txt,p,Jowell confirms casino climbdown
930,p186.txt,p,Blair says mayor should apologise
931,p192.txt,p,Guantanamo four free in weeks
932,s316.txt,s,Wales stars need a rest - Ruddock
933,s470.txt,s,Moya emotional at Davis Cup win
934,p179.txt,p,Final hunts held as ban looms
935,b131.txt,b,Russian oil merger excludes Yukos
936,s464.txt,s,Connors boost for British tennis
937,s302.txt,s,Italy 17-28 Ireland
938,e138.txt,e,Queen recruit singer for new tour
939,e110.txt,e,Rap boss arrested over drug find
940,p145.txt,p,Candidate resigns over BNP link
941,t323.txt,t,Blind student 'hears in colour'
942,b119.txt,b,Bank opts to leave rates on hold
943,t337.txt,t,Can Yahoo dominate next decade?
944,s458.txt,s,Hewitt falls to Dent in Adelaide
945,p151.txt,p,Guantanamo four questioned
946,b482.txt,b,Businesses fail to plan for HIV
947,b496.txt,b,Europe asks Asia for euro help
948,p384.txt,p,Terror suspects face house arrest
949,p390.txt,p,Child access law shake-up planned
950,b327.txt,b,Cannabis hopes for drug firm
951,s114.txt,s,Robben sidelined with broken foot
952,b455.txt,b,Qantas considers offshore option
953,s100.txt,s,Mido makes third apology
954,t109.txt,t,Home phones face unclear future
955,b333.txt,b,Troubled Marsh under SEC scrutiny
956,t121.txt,t,Robots learn 'robotiquette' rules
957,p347.txt,p,Tories outlining policing plans
958,s128.txt,s,Smith aims to bring back respect
959,e306.txt,e,Bangkok film festival battles on
960,t135.txt,t,GTA sequel is criminally good
961,b290.txt,b,Bank holds interest rate at 4.75%
962,e299.txt,e,Fry set for role in Hitchhiker's
963,b284.txt,b,Iraqi voters turn to economic issues
964,t096.txt,t,California sets fines for spyware
965,t082.txt,t,Games firms 'face tough future'
966,t069.txt,t,'Friends fear' with lost mobiles
967,b253.txt,b,Jobs growth still slow in the US
968,s060.txt,s,McIlroy wins 800m indoor title
969,s074.txt,s,Pavey focuses on indoor success
970,t055.txt,t,Junk e-mails on relentless rise
971,p233.txt,p,'Few ready' for information act
972,e266.txt,e,Help for indies in download sales
973,b509.txt,b,Euro firms miss out on optimism
974,s048.txt,s,Greek pair set for hearing
975,b092.txt,b,Iranian MPs threaten mobile deal
976,b086.txt,b,Manufacturing recovery 'slowing'
977,t294.txt,t,Games win for Blu-ray DVD format
978,s289.txt,s,Fuming Robinson blasts officials
979,s262.txt,s,Spurs to sign Iceland U21 star
980,e058.txt,e,Berlin hails European cinema
981,s504.txt,s,Veteran Martinez wins Thai title
982,p019.txt,p,Drink remark 'acts as diversion'
983,s510.txt,s,Mirza makes Indian tennis history
984,b045.txt,b,US crude prices surge above $53
985,s276.txt,s,Mexicans tracking unhappy Juninho
986,e064.txt,e,Hollywood ready for Oscars night
987,p031.txt,p,Blunkett sorry over murder plan
988,t257.txt,t,Santy worm makes unwelcome visit
989,p025.txt,p,UK 'needs true immigration data'
990,e070.txt,e,Children vote Shrek 2 best film
991,e048.txt,e,'Landmark movies' of 2004 hailed
992,b041.txt,b,Fed chief warning on US deficit
993,p009.txt,p,Campbell: E-mail row 'silly fuss'
994,s500.txt,s,Henman decides to quit Davis Cup
995,t253.txt,t,Fast lifts rise into record books
996,p035.txt,p,Leaders meet over Turkish EU bid
997,t284.txt,t,Hacker threat to Apple's iTunes
998,t290.txt,t,Fast moving phone viruses appear
999,s299.txt,s,Robinson ready for difficult task
1000,b243.txt,b,Making your office work for you
1001,t079.txt,t,Software watching while you work
1002,s070.txt,s,Record fails to lift lacklustre meet
1003,s064.txt,s,McIlroy continues winning streak
1004,b257.txt,b,Turkey knocks six zeros off lira
1005,e262.txt,e,U2's desire to be number one
1006,s058.txt,s,Gardener battles to narrow win
1007,t051.txt,t,Blind student 'hears in colour'
1008,b294.txt,b,Wall Street cheers Bush victory
1009,t086.txt,t,Warning over Windows Word files
1010,s104.txt,s,Chelsea clinch cup in extra-time
1011,b445.txt,b,Executive trio leave Aer Lingus
1012,s110.txt,s,Kenyon denies Robben Barca return
1013,t131.txt,t,Seamen sail into biometric future
1014,e302.txt,e,Actress Roberts takes spider role
1015,s138.txt,s,Bellamy under new fire
1016,e316.txt,e,Johnny Depp: The acting outlaw
1017,p343.txt,p,Labour's Cunningham to stand down
1018,t125.txt,t,The Force is strong in Battlefront
1019,p394.txt,p,Economy focus for election battle
1020,s306.txt,s,Fit-again Betsen in France squad
1021,b135.txt,b,Feta cheese battle reaches court
1022,s460.txt,s,Davenport puts retirement on hold
1023,p169.txt,p,'No-one can define new hunt ban'
1024,b121.txt,b,US interest rates increased to 2%
1025,s474.txt,s,Mauresmo opens with victory in LA
1026,e128.txt,e,Top gig award for Scissor Sisters
1027,s312.txt,s,Wales win in Rome
1028,p155.txt,p,Pakistani women 'must not hide'
1029,s448.txt,s,Kuznetsova 'failed a drugs test'
1030,p141.txt,p,Howard denies split over ID cards
1031,p196.txt,p,Mandelson warning to BBC
1032,p182.txt,p,Anti-terror plan faces first test
1033,p183.txt,p,Former NI minister Scott dies
1034,p197.txt,p,Blair 'pressing US on climate'
1035,s449.txt,s,What now for British tennis?
1036,t326.txt,t,DVD copy protection strengthened
1037,e101.txt,e,Sundance to honour foreign films
1038,b108.txt,b,Slowdown hits US factory growth
1039,p154.txt,p,Mayor will not retract Nazi jibe
1040,s475.txt,s,Agassi fear for Melbourne
1041,s313.txt,s,White prepared for battle
1042,e129.txt,e,Brits return Keane to number one
1043,s307.txt,s,Wales critical of clumsy Grewcock
1044,p168.txt,p,MPs' murder sentence concern
1045,s461.txt,s,Rusedski angry over supplements
1046,b134.txt,b,US adds more jobs than expected
1047,p381.txt,p,Hunt ban support is 'in decline'
1048,b493.txt,b,China continues rapid growth
1049,e317.txt,e,Patti Smith to host arts festival
1050,b478.txt,b,Egypt and Israel seal trade deal
1051,t124.txt,t,Loyalty cards idea for TV addicts
1052,p342.txt,p,Brown outlines third term vision
1053,s139.txt,s,Chelsea denied by James heroics
1054,s111.txt,s,Bridge could miss rest of season
1055,t118.txt,t,Progress on new internet domains
1056,b322.txt,b,Tokyo says deflation 'controlled'
1057,s105.txt,s,Newcastle 2-1 Bolton
1058,t093.txt,t,The future in your pocket
1059,t087.txt,t,Net regulation 'still possible'
1060,b295.txt,b,Business confidence dips in Japan
1061,s059.txt,s,European medal chances improve
1062,e263.txt,e,Lasting influence of legend Charles
1063,t050.txt,t,Cheaper chip for mobiles
1064,p236.txt,p,Jack Cunningham to stand down
1065,p222.txt,p,Voters 'reject EU by two to one'
1066,t044.txt,t,Apple attacked over sources row
1067,e277.txt,e,The Sound of Music is coming home
1068,s065.txt,s,Radcliffe will compete in London
1069,b256.txt,b,Singapore growth at 8.1% in 2004
1070,t078.txt,t,Blog reading explodes in America
1071,s071.txt,s,Tomlinson stays focused on Europe
1072,t291.txt,t,Doors open at biggest gadget fair
1073,s298.txt,s,Ref stands by Scotland decisions
1074,t285.txt,t,Format wars could 'confuse users'
1075,p034.txt,p,Tories attack burglar 'U-turns'
1076,t252.txt,t,Virus poses as Christmas e-mail
1077,b068.txt,b,India seeks to boost construction
1078,e061.txt,e,Director Nair's Vanity project
1079,e075.txt,e,Indie film nominations announced
1080,t246.txt,t,Humanoid robot learns how to run
1081,p020.txt,p,Concerns at school diploma plan
1082,b054.txt,b,Hyundai to build new India plant
1083,s501.txt,s,Ivanovic seals Canberra victory
1084,p008.txt,p,Women MPs reveal sexist taunts
1085,s267.txt,s,Robertson out to retain Euro lure
1086,s503.txt,s,Safin relieved at Aussie recovery
1087,b056.txt,b,BMW drives record sales in Asia
1088,t278.txt,t,Web photo storage market hots up
1089,s271.txt,s,Henry tipped for Fifa award
1090,e063.txt,e,Tautou film tops Cesar prize nods
1091,s259.txt,s,Benitez deflects blame from Dudek
1092,t250.txt,t,Microsoft sets sights on spyware
1093,p036.txt,p,Choose hope over fear - Kennedy
1094,t244.txt,t,The gaming world in 2005
1095,e077.txt,e,DVD review: Spider-Man 2
1096,b081.txt,b,BMW to recall faulty diesel cars
1097,t293.txt,t,File-swappers ready new network
1098,t287.txt,t,Text message record smashed
1099,p208.txt,p,Gurkhas to help tsunami victims
1100,s067.txt,s,Lewis-Francis eyeing world gold
1101,e249.txt,e,Soul sensation ready for awards
1102,s073.txt,s,Johnson uncertain about Euro bid
1103,b240.txt,b,Economy 'strong' in election year
1104,t052.txt,t,Xbox 2 may be unveiled in summer
1105,e261.txt,e,Brits return Keane to number one
1106,e275.txt,e,The Producers scoops stage awards
1107,t046.txt,t,BBC leads interactive Bafta wins
1108,p220.txt,p,Clarke plans migrant point scheme
1109,b297.txt,b,"Dutch bank to lay off 2,850 staff"
1110,b283.txt,b,Stock market eyes Japan recovery
1111,s098.txt,s,Ronaldo considering new contract
1112,t085.txt,t,Smart search lets art fans browse
1113,b320.txt,b,Iraq and Afghanistan in WTO talks
1114,e329.txt,e,Van Gogh festival film withdrawn
1115,s113.txt,s,Wright-Phillips to start on right
1116,b452.txt,b,McDonald's boss Bell dies aged 44
1117,s107.txt,s,Dundee Utd 4-1 Aberdeen
1118,p368.txt,p,"Act on detention ruling, UK urged"
1119,e315.txt,e,Hoffman hits out over modern film
1120,e301.txt,e,Hollywood hunts hits at Sundance
1121,t132.txt,t,US duo in first spam conviction
1122,p397.txt,p,Blunkett hints at election call
1123,s311.txt,s,Ireland surge past Scots
1124,t318.txt,t,Ask Jeeves joins web log market
1125,s477.txt,s,Moya suffers shock loss
1126,s463.txt,s,Prodigy Monfils blows away Gaudio
1127,s305.txt,s,Kirwan demands Italy consistency
1128,e117.txt,e,Rapper Jay-Z becomes label boss
1129,t324.txt,t,Apple attacked over sources row
1130,p142.txt,p,EU referendum question unveiled
1131,p156.txt,p,Visa row mandarin made Sir John
1132,t330.txt,t,EU software patent law faces axe
1133,e103.txt,e,Downloads enter US singles chart
1134,s339.txt,s,Captains lining up for Aid match
1135,s488.txt,s,Williams battles to Aussie title
1136,p194.txt,p,Cherie accused of attacking Bush
1137,s489.txt,s,Safin cool on Wimbledon
1138,p180.txt,p,Falconer rebuts 'charade' claims
1139,p157.txt,p,Kilroy-Silk attacked with slurry
1140,s338.txt,s,Moody joins up with England
1141,e102.txt,e,Day-Lewis set for Berlin honour
1142,e116.txt,e,Legendary music studio to close
1143,p143.txt,p,Malik rejects all-black MP lists
1144,t325.txt,t,Mobile audio enters new dimension
1145,s462.txt,s,Navratilova hits out at critics
1146,b137.txt,b,Bank set to leave rates on hold
1147,s304.txt,s,Double injury blow strikes Wales
1148,s310.txt,s,Wales make two changes for France
1149,s476.txt,s,Henman to face Saulnier test
1150,t319.txt,t,Why Cell will get the hard sell
1151,b123.txt,b,Train strike grips Buenos Aires
1152,p382.txt,p,At a glance: Tory health checks
1153,e300.txt,e,Bollywood draws global stars
1154,b309.txt,b,AstraZeneca hit by drug failure
1155,t127.txt,t,Gadget show heralds MP3 season
1156,e314.txt,e,How the Academy Awards flourished
1157,s106.txt,s,Middlesbrough 2-2 Charlton
1158,b453.txt,b,US industrial output growth eases
1159,p369.txt,p,BAA support ahead of court battle
1160,e328.txt,e,Bookmakers back Aviator for Oscar
1161,b447.txt,b,News Corp eyes video games market
1162,t090.txt,t,Web radio takes Spanish rap global
1163,s099.txt,s,Smith keen on Home series return
1164,b296.txt,b,Millions 'to lose textile jobs'
1165,e274.txt,e,TV presenter Deeley drops CD:UK
1166,p221.txt,p,Clarke defends terror detentions
1167,t053.txt,t,Microsoft launches its own search
1168,p235.txt,p,Lib Dems' new election PR chief
1169,e260.txt,e,Singer Christina Aguilera to wed
1170,s072.txt,s,Running around the Olympics
1171,e248.txt,e,Deal to ban 'homophobic' reggae
1172,p209.txt,p,Abbas 'will not tolerate' attacks
1173,b255.txt,b,Call to overhaul UK state pension
1174,s066.txt,s,Britain boosted by Holmes double
1175,t286.txt,t,Peer-to-peer nets 'here to stay'
1176,t292.txt,t,Microsoft debuts security tools
1177,b080.txt,b,"Argentina, Venezuela in oil deal"
1178,e089.txt,e,Oscar nominee Dan O'Herlihy dies
1179,b094.txt,b,US economy shows solid GDP growth
1180,t245.txt,t,Bond game fails to shake or stir
1181,e062.txt,e,Spirit awards hail Sideways
1182,p037.txt,p,Profile: David Miliband
1183,t279.txt,t,Speak easy plan for media players
1184,b043.txt,b,Saudi ministry to employ women
1185,s270.txt,s,Strachan turns down Pompey
1186,s264.txt,s,O'Leary agrees new Villa contract
1187,b057.txt,b,Economy 'stronger than forecast'
1188,s502.txt,s,Minister digs in over doping row
1189,t236.txt,t,Google to scan famous libraries
1190,b018.txt,b,India's rupee hits five-year high
1191,t222.txt,t,Media gadgets get moving
1192,e039.txt,e,Aviator 'creator' in Oscars snub
1193,s203.txt,s,Mutu to hold talks with Juventus
1194,b030.txt,b,Soaring oil 'hits world economy'
1195,p078.txt,p,Asylum children to face returns
1196,s217.txt,s,Kerr frustrated at victory margin
1197,p093.txt,p,Kennedy calls for Iraq exit plans
1198,p087.txt,p,Howard unveils Tory asylum plans
1199,t034.txt,t,UK gets official virus alert site
1200,p252.txt,p,Blair 'said he would stand down'
1201,e207.txt,e,Jungle TV show ratings drop by 4m
1202,e213.txt,e,TV show unites Angolan families
1203,s029.txt,s,Isinbayeva heads for Birmingham
1204,p246.txt,p,Student 'inequality' exposed
1205,t020.txt,t,Security scares spark browser fix
1206,b232.txt,b,Lloyd's of London head chides FSA
1207,t008.txt,t,Virus poses as Christmas e-mail
1208,s001.txt,s,Claxton hunting first major medal
1209,s015.txt,s,UK Athletics agrees new kit deal
1210,b226.txt,b,McDonald's to sponsor MTV show
1211,p291.txt,p,'Super union' merger plan touted
1212,p285.txt,p,Hague 'given up' his PM ambition
1213,t140.txt,t,Players sought for $1m prize
1214,p326.txt,p,Prime minister's questions
1215,e373.txt,e,British stars denied major Oscars
1216,s149.txt,s,Legendary Dutch boss Michels dies
1217,e367.txt,e,US 'afflicted' with awards fatigue
1218,b408.txt,b,South African car demand surges
1219,p332.txt,p,Milburn defends poster campaign
1220,t154.txt,t,No half measures with Half-Life 2
1221,s175.txt,s,Beattie return calms attack fears
1222,s161.txt,s,Coach Ranieri sacked by Valencia
1223,t168.txt,t,A decade of good website design
1224,t197.txt,t,Smartphones suffer Skulls attack
1225,b385.txt,b,Tate & Lyle boss bags top award
1226,p124.txt,p,Wales 'must learn health lessons'
1227,b178.txt,b,Russia WTO talks 'make progress'
1228,t342.txt,t,'No re-draft' for EU patent law
1229,s439.txt,s,Venus stunned by Farina Elia
1230,t356.txt,t,Hitachi unveils 'fastest robot'
1231,e165.txt,e,Comic Morris returns with sitcom
1232,s377.txt,s,Ireland 17-12 South Africa
1233,s411.txt,s,Vickery upbeat about arm injury
1234,b144.txt,b,Oil prices fall back from highs
1235,p118.txt,p,Bid to cut court witness stress
1236,s405.txt,s,Ireland 19-13 England
1237,b150.txt,b,Shares hit by MS drug suspension
1238,s363.txt,s,Calder fears for Scottish rugby
1239,s388.txt,s,Wilkinson fit to face Edinburgh
1240,t381.txt,t,Kenyan school turns to handhelds
1241,t395.txt,t,Cebit fever takes over Hanover
1242,b187.txt,b,Bank payout to Pinochet victims
1243,t394.txt,t,TV's future down the phone line
1244,s389.txt,s,Dallaglio eyeing Lions tour place
1245,b151.txt,b,Bank voted 8-1 for no rate change
1246,s404.txt,s,Ireland win eclipses refereeing 'errors'
1247,s362.txt,s,Funding cut hits Wales Students
1248,e158.txt,e,Queen recruit singer for new tour
1249,s376.txt,s,Wasps 31-37 Leicester
1250,p119.txt,p,"Lord Scarman, 93, dies peacefully"
1251,s410.txt,s,Taylor poised for Scotland return
1252,p131.txt,p,Peace demo appeal rejected
1253,t357.txt,t,Have hackers recruited your PC?
1254,s438.txt,s,Davenport hits out at Wimbledon
1255,e170.txt,e,EastEnders 'is set for US remake'
1256,t343.txt,t,Ultra fast wi-fi nears completion
1257,p125.txt,p,UKIP candidate suspended
1258,t182.txt,t,Mobile gig aims to rock 3G
1259,s160.txt,s,Hodgson relishes European clashes
1260,s174.txt,s,Cudicini misses Carling Cup final
1261,t155.txt,t,Games win for Blu-ray DVD format
1262,p333.txt,p,Kilroy names election seat target
1263,p327.txt,p,Goldsmith denies war advice claim
1264,t141.txt,t,US top of supercomputing charts
1265,s148.txt,s,Palace threat over Cantona masks
1266,e372.txt,e,Eastwood's Baby scoops top Oscars
1267,p290.txt,p,Terror powers expose 'tyranny'
1268,s014.txt,s,McIlroy aiming for Madrid title
1269,b227.txt,b,Call to save manufacturing jobs
1270,t009.txt,t,Apple laptop is 'greatest gadget'
1271,s028.txt,s,Campbell to extend sprint career
1272,e212.txt,e,Little Britain two top comic list
1273,t021.txt,t,Britons fed up with net service
1274,p247.txt,p,Kennedy to make temple address
1275,p253.txt,p,Blair dismisses quit claim report
1276,t035.txt,t,Iran jails blogger for 14 years
1277,p086.txt,p,Howard backs stem cell research
1278,p092.txt,p,New 'yob' targets to be unveiled
1279,p079.txt,p,'Fido' to be taken off vote lists
1280,s216.txt,s,Reaction from Spanish press
1281,s202.txt,s,Santini resigns as Spurs manager
1282,e038.txt,e,Stars gear up for Bafta ceremony
1283,b031.txt,b,Irish markets reach all-time high
1284,t223.txt,t,Satellite mapping aids Darfur relief
1285,e010.txt,e,Uganda bans Vagina Monologues
1286,e004.txt,e,Richard and Judy choose top books
1287,t237.txt,t,Microsoft takes on desktop search
1288,p051.txt,p,MPs criticise child access system
1289,s228.txt,s,Houllier praises Benitez regime
1290,t221.txt,t,Halo 2 heralds traffic explosion
1291,e006.txt,e,Bennett play takes theatre prizes
1292,s214.txt,s,Mansfield 0-1 Leyton Orient
1293,s200.txt,s,Ferguson urges Henry punishment
1294,p090.txt,p,MSPs hear renewed climate warning
1295,p245.txt,p,Army chiefs in regiments decision
1296,t023.txt,t,Lasers help bridge network gaps
1297,e210.txt,e,Muslim group attacks TV drama 24
1298,e204.txt,e,No charges against TV's Cosby
1299,p251.txt,p,Brown and Blair face new rift claims
1300,b225.txt,b,Sales 'fail to boost High Street'
1301,p279.txt,p,Amnesty chief laments war failure
1302,s016.txt,s,Verdict delay for Greek sprinters
1303,e238.txt,e,Portishead back after eight years
1304,s002.txt,s,O'Sullivan could run in Worlds
1305,b231.txt,b,Venezuela reviews foreign deals
1306,p286.txt,p,UKIP candidate suspended in probe
1307,p292.txt,p,UKIP MEP attacked German 'empire'
1308,p331.txt,p,Labour attacked on Howard poster
1309,t157.txt,t,Online games play with politics
1310,e370.txt,e,Sideways dominates Spirit awards
1311,b379.txt,b,Reliance unit loses Anil Ambani
1312,t143.txt,t,Putting a face to 'Big Brother'
1313,p325.txt,p,UKIP could sue Veritas defectors
1314,b351.txt,b,Mild winter drives US oil down 6%
1315,s162.txt,s,Cole faces lengthy injury lay-off
1316,s176.txt,s,Keegan hails comeback king Fowler
1317,b423.txt,b,Israel looks to US for bank chief
1318,p319.txt,p,MPs tout Lords replacement plan
1319,b345.txt,b,Quake's economic costs emerging
1320,t194.txt,t,Swap offer for pirated Windows XP
1321,t355.txt,t,Apple makes blogs reveal sources
1322,p133.txt,p,Jowell rejects 'Las Vegas' jibe
1323,p127.txt,p,Brown to outline presidency goals
1324,e172.txt,e,Eurovision 'greats' to do battle
1325,s348.txt,s,Owen set for skipper role
1326,s360.txt,s,Player burn-out worries Robinson
1327,s406.txt,s,Fuming Robinson blasts officials
1328,s412.txt,s,Dominici backs lacklustre France
1329,b147.txt,b,Malaysia lifts Islamic bank limit
1330,s374.txt,s,Hong Kong in 2011 World Cup bid
1331,t396.txt,t,New consoles promise big problems
1332,t382.txt,t,Tough rules for ringtone sellers
1333,b190.txt,b,Consumers drive French economy
1334,b184.txt,b,M&S cuts prices by average of 24%
1335,b185.txt,b,US bank 'loses' customer details
1336,e198.txt,e,Brookside actress Keaveney dies
1337,t383.txt,t,Mobile music challenges 'iPod age'
1338,b146.txt,b,Why few targets are better than many
1339,s413.txt,s,Llewellyn plans Wales retirement
1340,s375.txt,s,Dallaglio his own man to the end
1341,s361.txt,s,Hodges announces rugby retirement
1342,t368.txt,t,Net fingerprints combat attacks
1343,b152.txt,b,Crude oil prices back above $50
1344,s407.txt,s,Scotland 18-10 Italy
1345,t340.txt,t,Domain system opens door to scams
1346,p126.txt,p,End Bush 'denial' Blair tells EU
1347,s349.txt,s,Italy aim to rattle England
1348,e173.txt,e,UK TV channel rapped for CSI ad
1349,e167.txt,e,A-listers flock to Gervais sitcom
1350,p132.txt,p,Retirement age could be scrapped
1351,b387.txt,b,Germany nears 1990 jobless level
1352,s188.txt,s,Campbell lifts lid on United feud
1353,t181.txt,t,Mobiles double up as bus tickets
1354,t195.txt,t,Ban hits Half-Life 2 pirates hard
1355,s177.txt,s,Thompson says Gerrard should stay
1356,b344.txt,b,Battered dollar hits another low
1357,p318.txt,p,Labour in constituency race row
1358,b350.txt,b,Dollar hits new low versus euro
1359,b436.txt,b,ECB holds rates amid growth fears
1360,s163.txt,s,Arsenal through on penalties
1361,e371.txt,e,Arnold congratulated on Oscar win
1362,p324.txt,p,Iraq advice claim sparks new row
1363,t142.txt,t,Text messages aid disaster recovery
1364,b378.txt,b,Ukraine strikes Turkmen gas deal
1365,t156.txt,t,File-swappers ready new network
1366,p330.txt,p,Manchester wins Labour conference
1367,e365.txt,e,Tarantino to direct CSI episode
1368,p293.txt,p,Kilroy launches 'Veritas' party
1369,p287.txt,p,Boothroyd calls for Lords speaker
1370,s003.txt,s,Greene sets sights on world title
1371,e239.txt,e,Fightstar take to the stage
1372,s017.txt,s,Call for Kenteris to be cleared
1373,t036.txt,t,Microsoft seeking spyware trojan
1374,e211.txt,e,Brookside creator's Channel 4 bid
1375,t208.txt,t,Mobile picture power in your pocket
1376,b032.txt,b,Japanese banking battle at an end
1377,s201.txt,s,Wenger offers Mutu hope
1378,s215.txt,s,Zambia confident and cautious
1379,b026.txt,b,Safety alert as GM recalls cars
1380,t234.txt,t,Mobile multimedia slow to catch on
1381,p052.txt,p,Nuclear strike 'key terror risk'
1382,s229.txt,s,McClaren targets Champions League
1383,t220.txt,t,Britons growing 'digitally obese'
1384,b022.txt,b,Sluggish economy hits German jobs
1385,t218.txt,t,Gritty return for Prince of Persia
1386,s211.txt,s,Edu blasts Arsenal
1387,s205.txt,s,Yeading face Newcastle in FA Cup
1388,b036.txt,b,US gives foreign firms extra time
1389,p042.txt,p,Strike threat over pension plans
1390,s239.txt,s,Beckham relief as Real go through
1391,p056.txt,p,Citizenship event for 18s touted
1392,t230.txt,t,Hi-tech posters guide commuters
1393,p081.txt,p,Tory backing for ID cards
1394,p095.txt,p,Brown hits back in Blair rift row
1395,e229.txt,e,New York rockers top talent poll
1396,s013.txt,s,Kenya lift Chepkemei's suspension
1397,p268.txt,p,More reforms ahead says Milburn
1398,b234.txt,b,Vodafone appoints new Japan boss
1399,s007.txt,s,O'Sullivan commits to Dublin race
1400,e215.txt,e,South Bank Awards honour hit soap
1401,p240.txt,p,Sport betting rules in spotlight
1402,t026.txt,t,Warnings about junk mail deluge
1403,b208.txt,b,China's Shanda buys stake in Sina
1404,t032.txt,t,Mobile networks seek turbo boost
1405,p254.txt,p,Could rivalry overshadow election?
1406,e201.txt,e,Triple triumph for Little Britain
1407,p297.txt,p,Mandelson warns BBC on Campbell
1408,b432.txt,b,BA to suspend two Saudi services
1409,s167.txt,s,Robben plays down European return
1410,p308.txt,p,Tory 'stalking horse' Meyer dies
1411,b340.txt,b,Venezuela and China sign oil deal
1412,b426.txt,b,Minister hits out at Yukos sale
1413,e349.txt,e,India to deport Bollywood actress
1414,s173.txt,s,QPR keeper Day heads for Preston
1415,p334.txt,p,Immigration to be election issue
1416,t152.txt,t,New Year's texting breaks record
1417,t146.txt,t,Broadband takes on TV viewing
1418,e375.txt,e,Jackson film 'absolute disaster'
1419,b397.txt,b,Green reports shun supply chain
1420,b383.txt,b,Fed warns of more US rate rises
1421,s198.txt,s,Edu describes tunnel fracas
1422,t191.txt,t,Online commons to spark debate
1423,t185.txt,t,Nintendo DS aims to touch gamers
1424,b156.txt,b,Industrial revival hope for Japan
1425,s403.txt,s,Celts savour Grand Slam prospect
1426,s371.txt,s,All Black magic: New Zealand rugby
1427,b142.txt,b,Asian banks halt dollar's slide
1428,s417.txt,s,D'Arcy injury adds to Ireland woe
1429,p136.txt,p,Straw attacked on China arms
1430,s359.txt,s,Ruddock backs Yapp's credentials
1431,e177.txt,e,Hillbillies singer Scoggins dies
1432,p122.txt,p,Tories plan migrant health checks
1433,e188.txt,e,Celebrities get their skates on
1434,b181.txt,b,India and Russia in energy talks
1435,t393.txt,t,Savvy searchers fail to spot ads
1436,t387.txt,t,Progress on new internet domains
1437,t386.txt,t,Video phones act as dating tools
1438,t392.txt,t,Broadband fuels online expression
1439,e189.txt,e,Holmes wins '2004 top TV moment'
1440,b180.txt,b,Dollar drops on reserves concerns
1441,e176.txt,e,'Comeback' show for Friends star
1442,p137.txt,p,Defiant hunts put ban to the test
1443,s358.txt,s,Saint-Andre anger at absent stars
1444,s370.txt,s,Robinson wants dual code success
1445,s416.txt,s,Italy 8-38 Wales
1446,t379.txt,t,Apple laptop is 'greatest gadget'
1447,s364.txt,s,A year to remember for Irish
1448,t184.txt,t,Learning to love broadband
1449,t190.txt,t,First look at PlayStation 3 chip
1450,b382.txt,b,Ban on forced retirement under 65
1451,p321.txt,p,Schools to take part in mock poll
1452,t147.txt,t,Freeze on anti-spam campaign
1453,e360.txt,e,Lopez misses UK charity premiere
1454,t153.txt,t,DS aims to touch gamers
1455,p335.txt,p,Kennedy begins pre-election tour
1456,s172.txt,s,Mourinho receives Robson warning
1457,e348.txt,e,Berlin celebrates European cinema
1458,s166.txt,s,Prutton poised for lengthy FA ban
1459,b433.txt,b,Cairn Energy in Indian gas find
1460,p309.txt,p,UK youth 'interested' in politics
1461,b355.txt,b,Israeli economy picking up pace
1462,p296.txt,p,Tories leave door open for Archer
1463,p255.txt,p,Brown in appeal for Labour unity
1464,t033.txt,t,Global digital divide 'narrowing'
1465,e200.txt,e,Celebrities get to stay in jungle
1466,t027.txt,t,Warning over tsunami aid website
1467,b235.txt,b,Pension hitch for long-living men
1468,p269.txt,p,Teens 'know little' of politics
1469,s006.txt,s,Isinbayeva claims new world best
1470,s012.txt,s,Edwards tips Idowu for Euro gold
1471,e228.txt,e,Joy Division story to become film
1472,p094.txt,p,McConnell in 'drunk' remark row
1473,s238.txt,s,Ferguson puts faith in youngsters
1474,e002.txt,e,Jarre joins fairytale celebration
1475,p043.txt,p,Parties warned over 'grey vote'
1476,t225.txt,t,Lifestyle 'governs mobile choice'
1477,s204.txt,s,Uefa approves fake grass
1478,b037.txt,b,Japanese mogul arrested for fraud
1479,b023.txt,b,Mixed signals from French economy
1480,s210.txt,s,Tevez - an Argentine in Brazil
1481,p069.txt,p,Talks aim to avert pension strike
1482,s206.txt,s,Anelka 'eyes Man City departure'
1483,e028.txt,e,Potter director signs Warner deal
1484,s212.txt,s,Can Smith work Scottish wonders?
1485,p055.txt,p,Kelly trails new discipline power
1486,b009.txt,b,Ethiopia's crop production up 24%
1487,e014.txt,e,Adventure tale tops awards
1488,t227.txt,t,Spam e-mails tempt net shoppers
1489,p041.txt,p,Profile: David Blunkett
1490,p096.txt,p,Tories 'would cut number of MPs'
1491,s004.txt,s,IAAF launches fight against drugs
1492,t019.txt,t,Intel unveils laser breakthrough
1493,s010.txt,s,Collins to compete in Birmingham
1494,s038.txt,s,Radcliffe proves doubters wrong
1495,t031.txt,t,Solutions to net security fears
1496,p257.txt,p,Blair and Brown criticised by MPs
1497,p243.txt,p,MPs assess Scots fishing industry
1498,e216.txt,e,Housewives lift Channel 4 ratings
1499,p294.txt,p,Civil servants in strike ballot
1500,p280.txt,p,Blair sees greater Bush consensus
1501,t179.txt,t,Seamen sail into biometric future
1502,b431.txt,b,Mitsubishi in Peugeot link talks
1503,s164.txt,s,Ajax refuse to rule out Jol move
1504,e376.txt,e,France set for new Da Vinci novel
1505,t145.txt,t,Musicians 'upbeat' about the net
1506,p323.txt,p,Kennedy predicts bigger turnout
1507,p337.txt,p,Campaign 'cold calls' questioned
1508,t151.txt,t,'Blog' picked as word of the year
1509,b380.txt,b,India opens skies to competition
1510,t186.txt,t,China 'blocks Google news site'
1511,b141.txt,b,BMW reveals new models pipeline
1512,s414.txt,s,England 17-18 France
1513,e148.txt,e,Pupils to get anti-piracy lessons
1514,s372.txt,s,WRU proposes season overhaul
1515,s366.txt,s,Lomu relishing return to action
1516,p109.txt,p,UK firms 'embracing e-commerce'
1517,s400.txt,s,England given tough Sevens draw
1518,t347.txt,t,Cebit opens to mobile music tune
1519,s428.txt,s,Federer forced to dig deep
1520,e174.txt,e,X Factor show gets second series
1521,b182.txt,b,Weak data buffets French economy
1522,b196.txt,b,Worldcom director ends evidence
1523,t384.txt,t,China 'ripe' for media explosion
1524,s399.txt,s,Farrell saga to drag on - Lindsay
1525,s398.txt,s,Tigers wary of Farrell 'gamble'
1526,t391.txt,t,Peer-to-peer nets 'here to stay'
1527,t385.txt,t,Beckham virus spotted on the net
1528,b183.txt,b,Business fears over sluggish EU economy
1529,e161.txt,e,Court halts Mark Morrison album
1530,p134.txt,p,Ban on hunting comes into force
1531,t352.txt,t,Slow start to speedy net services
1532,b168.txt,b,Small firms 'hit by rising costs'
1533,s429.txt,s,Nadal marches on in Mexico
1534,t346.txt,t,Warnings on woeful wi-fi security
1535,p120.txt,p,Tory leader urges Harry apology
1536,s367.txt,s,Johnson announces June retirement
1537,s401.txt,s,Wales hails new superstar
1538,p108.txt,p,'Super union' merger plan touted
1539,s415.txt,s,Wilkinson to miss Ireland match
1540,b140.txt,b,Ore costs hit global steel firms
1541,s373.txt,s,Wilkinson to lead England
1542,t193.txt,t,Gadget market 'to grow in 2005'
1543,t187.txt,t,A question of trust and technology
1544,b381.txt,b,Oil rebounds from weather effect
1545,t150.txt,t,Broadband fuels online change
1546,p336.txt,p,Labour's core support takes stock
1547,s159.txt,s,Mourinho defiant on Chelsea form
1548,e377.txt,e,UK Directors Guild nominees named
1549,b418.txt,b,US firm 'bids for Lacroix label'
1550,t144.txt,t,Football Manager scores big time
1551,b356.txt,b,S Korea spending boost to economy
1552,s165.txt,s,Unclear future for striker Baros
1553,b430.txt,b,US prepares for hybrid onslaught
1554,s171.txt,s,Boro suffer Morrison injury blow
1555,b424.txt,b,EU-US seeking deal on air dispute
1556,p281.txt,p,Kilroy-Silk quits 'shameful' UKIP
1557,p295.txt,p,Blair Labour's longest-serving PM
1558,t024.txt,t,Game firm holds 'cast' auditions
1559,p242.txt,p,Whitehall shredding increasing - Tories
1560,e217.txt,e,Baywatch dubbed 'worst TV import'
1561,s039.txt,s,Jones medals 'must go if guilty'
1562,p256.txt,p,Blair pledges unity to Labour MPs
1563,t030.txt,t,Reboot ordered for EU patent law
1564,t018.txt,t,PlayStation 3 chip to be unveiled
1565,b222.txt,b,Oil companies get Russian setback
1566,s011.txt,s,Radcliffe yet to answer GB call
1567,s005.txt,s,"Dibaba breaks 5,000m world record"
1568,p083.txt,p,Hague 'given up' his PM ambition
1569,p097.txt,p,UK plan to deport terror suspects
1570,p040.txt,p,Lords wrong on detainees - Straw
1571,t226.txt,t,Millions to miss out on the net
1572,t232.txt,t,BBC web search aids odd queries
1573,b008.txt,b,India calls for fair trade rules
1574,e001.txt,e,Gallery unveils interactive tree
1575,s213.txt,s,Jansen suffers a further setback
1576,e029.txt,e,Baghdad Blogger on big screen
1577,b020.txt,b,Call centre users 'lose patience'
1578,p068.txt,p,MPs to debate 'euthanasia laws'
1579,test, ,mcintyre hurt nasty remarks fellow comics awards night independent 
