,Tweets,len,ID,Date,Likes,RTs,sentiment
0,Fisherman bitten by porbeagle shark off Cornwall coast https://t.co/McSyefgIat,78,996092538699345922,2018-05-14 18:19:02,21,10,
1,Jamie Oliver backs Scotland's obesity targets https://t.co/PrwmBb7mIQ,69,996085615442702337,2018-05-14 17:51:31,35,11,
2,Lois Lane actress Margot Kidder dies aged 69 https://t.co/sr3x1g9r13,68,996079715315273728,2018-05-14 17:28:05,205,171,
3,Barnier: 'Little progress' in Brexit talks since March https://t.co/f44HWb2HBS,78,996078491656388609,2018-05-14 17:23:13,37,18,
4,DR Congo: Why tourists go to Virunga National Park https://t.co/e3zWzBQ6m0,74,996077352496041984,2018-05-14 17:18:41,35,18,
5,"RT @bbcgetinspired: #Ramadan starts this week - so here's all you need to know about how to exercise, eat and sleep well while fasting. 

??",140,996072841228488708,2018-05-14 17:00:46,0,10,
6,"RT @BBCtrending: ? Debate around the term ""gammon"" continues.

No idea what's going on? We've got you https://t.co/mOlwYEgIGc",125,996070245818425350,2018-05-14 16:50:27,0,13,
7,Naomi Musenga death: Emergency operator blames pressure after mocking caller https://t.co/HokCoF8sv2,100,996068378048638976,2018-05-14 16:43:02,24,20,
8,England World Cup squad: Who goes to Russia? Statistics and numbers https://t.co/yru5a0SePy,91,996066229503889408,2018-05-14 16:34:29,24,9,
9,100-ball competition plans because young people 'not attracted to cricket' https://t.co/iy9F7aBqhg,98,996065029760970752,2018-05-14 16:29:43,18,4,
10,Why your social media is covered in gammon https://t.co/vHfnzACw1S,66,996063071847231488,2018-05-14 16:21:56,81,60,
11,RT @bbclaurak: Barnier on progress - 'not little but a little.There remains 2 rounds of negotiation and nobody must underestimate the key r?,140,996062285872467968,2018-05-14 16:18:49,0,36,
12,Club 18-30: Are millennials responsible for its downfall? https://t.co/HXM24Ao3O4,81,996060630175100930,2018-05-14 16:12:14,51,16,
13,Does LeBron James really have a photographic memory? https://t.co/z3Lma873Hd,76,996052834897551360,2018-05-14 15:41:16,39,12,
14,Double amputee Xia Boyu makes history on Everest summit https://t.co/eFtwAQKKsg,79,996052214740389888,2018-05-14 15:38:48,92,37,
15,"RT @BBCBreakfast: Ever felt overwhelmed? Or unable to cope?
74% of us have in the last year say @mentalhealth. 
Actor @DavidHarewood was se?",140,996051788901113856,2018-05-14 15:37:06,0,202,
16,"Why some year 6 students sitting their #SATs this week are striking a familiar pose ? 

https://t.co/M0EMzPIBf2 https://t.co/CgFrw0exPM",135,996050677485965318,2018-05-14 15:32:41,90,32,
17,In pictures: New deep sea species found https://t.co/lzJVT4IMen,63,996049055204683776,2018-05-14 15:26:15,139,50,
18,Drug target for curing the common cold https://t.co/gB4U7v9wn6,62,996046711570264066,2018-05-14 15:16:56,45,25,
19,"""Well done her"" - Labour leader Jeremy Corbyn reflects on Baroness Tessa Jowell's political achievements including? https://t.co/JLRCfvyVS2",139,996042946473476096,2018-05-14 15:01:58,95,27,
20,"Theresa May pays tribute to Baroness Tessa Jowell's ""outstanding"" political achievements, including the London 2012? https://t.co/ze8TBeipLP",140,996039093942288384,2018-05-14 14:46:40,96,33,
21,Chris Froome: Bid to add Giro title not 'likely' https://t.co/QMkJBsu4j5,72,996038436422373377,2018-05-14 14:44:03,14,7,
22,Chronic insomnia: Why we lose sleep over it https://t.co/MmAkiq0t5m,67,996034965933625344,2018-05-14 14:30:15,50,22,
23,"RT @BBCWorld: ""Remember this moment. This is history"" - Israel's PM Benjamin Netanyahu speaking at opening of US embassy in Jerusalem  

ht?",140,996030827405471746,2018-05-14 14:13:49,0,229,
24,"RT @BBCWorld: ""I believe peace is within reach if we dare to believe that the future can be different from the past"" - Jared Kushner, senio?",140,996029048433324032,2018-05-14 14:06:45,0,321,
25,"Male bulimia: 'I told myself, boys eat a lot' https://t.co/jnfkAR6l7q",69,996028348085260288,2018-05-14 14:03:58,45,18,
26,"Scotland pick five uncapped players including Lewis Stevenson &amp; Lewis Morgan, plus Johnny Russell https://t.co/L1G9ql62Dr",125,996026012084383747,2018-05-14 13:54:41,11,4,
27,"RT @BBCWorld: ""The Israeli people thank you for keeping your word"" - Israel's President Rivlin thanks Donald Trump for his decision to move?",140,996025842005430273,2018-05-14 13:54:00,0,158,
28,How to deal with waste dumped on your land https://t.co/mmQRo4eFBZ,66,996022972291932161,2018-05-14 13:42:36,22,16,
29,"RT @BBCBreaking: ""It's been a long time coming,"" President Donald Trump says as US opens its controversial new embassy in Jerusalem

Latest?",140,996021956582498304,2018-05-14 13:38:34,0,162,
30,Mourners pay last respects to toddler https://t.co/ULZRENni4X,61,996020044491616257,2018-05-14 13:30:58,43,11,
31,"Manchester City have chance to dominate Premier League, says Alan Shearer https://t.co/Lp0NQluzPg",97,996018244128575489,2018-05-14 13:23:49,33,8,
32,Teenage terror suspect 'chatted about killing Obama' https://t.co/BdiZhql7a1,76,996018244078141442,2018-05-14 13:23:49,25,18,
33,"RT @BBCWorld: US ambassador pays tribute to President Trump's ""vision, courage and moral clarity"" at opening ceremony of US embassy in Jeru?",140,996017266646044674,2018-05-14 13:19:56,0,136,
34,"RT @BBCBreaking: Ceremony to inaugurate US embassy in Jerusalem begins amidst bloody clashes near Gaza border

Latest: https://t.co/8UM2Oxl?",140,996014041406607361,2018-05-14 13:07:07,0,262,
35,"RT @BBCr4today: ""If you can have a beautiful death, she certainly had one,"" Tessa Jowell's husband David Mills and daughter Jessie speak mo?",140,996011813945868288,2018-05-14 12:58:16,0,29,
36,Eurovision: SuRie left 'bruised' after stage invasion https://t.co/Y7PGN1pUji,77,996011806194839552,2018-05-14 12:58:14,26,10,
37,"RT @BBCBreaking: Gaza health officials say at least 37 Palestinians killed and 1,300 injured by Israeli fire after clashes near border 

La?",140,996010625187876866,2018-05-14 12:53:32,0,1428,
38,"French Open: Serena Williams can win at Roland Garros, says coach Mouratoglou https://t.co/8C2h48EGnB",101,996002876538441728,2018-05-14 12:22:45,57,9,
39,"RT @BBCBreaking: Number of Palestinians killed by Israeli troops near Gaza border rises to 28, Palestinian officials say https://t.co/uZ6Fw?",140,996002562443800577,2018-05-14 12:21:30,0,527,
40,John Lewis apologises after wedding gift list site disappears https://t.co/yJoBfdbluT,85,995995910852276224,2018-05-14 11:55:04,13,5,
41,"RT @BBC_HaveYourSay: ""When you're inclusive but still hate the poor"": How a rainbow-coloured bench launched a debate about homelessness and?",140,995995782099734528,2018-05-14 11:54:33,0,33,
42,RT @BBCScienceNews: Funding doubled for Tessa Jowell research https://t.co/IXpE9dQVs9,85,995995707021590528,2018-05-14 11:54:15,0,2,
43,'Design crimes': How a bench launched a homelessness debate https://t.co/FoQBk3U4tT,83,995994728612102145,2018-05-14 11:50:22,40,8,
44,"RT @bbcstories: Mellisa isn't afraid of claiming the word 'fat' - but that doesn't mean she has to like it.
https://t.co/ZVRVNTvI3Q",131,995991482669649921,2018-05-14 11:37:28,0,38,
45,Cannes 2018: Festival awaits return of 'persona non grata' Lars von Trier https://t.co/fvRKqHdfPt,97,995991274158206987,2018-05-14 11:36:39,17,7,
46,Boarding school 'sorry' for 'blacked up' slave photo https://t.co/3Qtk62k8UL,76,995990017913839616,2018-05-14 11:31:39,25,18,
47,British rugby player from Durham team dies in Sri Lanka https://t.co/lrflMLU8SF,79,995989456858570752,2018-05-14 11:29:25,17,21,
48,Italian Open: Johanna Konta beats Magdalena Rybarikova in first round https://t.co/DjU5SvFhpe,93,995989456833441793,2018-05-14 11:29:25,24,4,
49,RT @BBCTech: John Lewis apologises after wedding gift list site disappears https://t.co/BG9mB5Pb2M,98,995988947359731712,2018-05-14 11:27:24,0,7,
50,RT @BBCNormanS: It?s understood no breakthrough on customs options expected at Brexit sub committee tomorrow,108,995980043410079744,2018-05-14 10:52:01,0,19,
51,RT @BBCNormanS: Tory MPs told at meeting with PM on customs options - ?both models won?t work in the current form.?,115,995980030676209664,2018-05-14 10:51:58,0,99,
52,"""The prospects that were dangled in front of people at the time of Brexit, I think, look very different today"" - ex? https://t.co/89XJkRO3FE",140,995979239445774337,2018-05-14 10:48:49,171,95,
53,Royal Wedding: Meet the US and UK wedding planners https://t.co/P96NcaC8JM,74,995978911489118208,2018-05-14 10:47:31,40,8,
54,India's Tharoor charged over wife's death https://t.co/Lz8cgJRilC,65,995975934934241280,2018-05-14 10:35:41,19,23,
55,James Haskell: Northampton Saints sign England forward from Wasps https://t.co/YcUYGq9aAF,89,995975934921596928,2018-05-14 10:35:41,20,9,
56,"Garth Crooks' Team of the Season: Salah, De Bruyne, Aguero and Kane - who else? https://t.co/jBsWs393zE",103,995973635667120128,2018-05-14 10:26:33,21,8,
57,Club 18-30 could be sold by Thomas Cook https://t.co/43JJXTV5AX,63,995970095733231617,2018-05-14 10:12:29,18,12,
58,"With 5 days to go to the #RoyalWedding, we asked black Britons what they think of the monarchy - and #MeghanMarkle? https://t.co/91G8xGHgAg",139,995969901381681152,2018-05-14 10:11:43,104,53,
59,"RT @VictoriaLIVE: Victims of serious crime are being handing over to the Home Office for immigration enforcement, our research has found.?",138,995965575141748736,2018-05-14 09:54:31,0,46,
60,Bafta: This Country stars on that Swindon Town dress and living at home https://t.co/qWQfq4ZZzH,95,995965393721266176,2018-05-14 09:53:48,75,12,
61,"""A further 12 Islamist terror plots"" have been thwarted since the Westminster attack in March 2017, MI5 director ge? https://t.co/sfAHziRg8c",140,995962017377759233,2018-05-14 09:40:23,93,65,
62,"Russian government risks becoming a ""more isolated pariah"" because of campaign aimed at undermining European democr? https://t.co/PtoWXl6YSJ",140,995959736884379648,2018-05-14 09:31:19,161,107,
63,"RT @BBCBreaking: Russian government is ""chief protagonist"" in campaign aimed at undermining European democracy - MI5 director general Andre?",140,995957892816785409,2018-05-14 09:24:00,0,377,
64,Racecourse security to be reviewed after Ascot and Goodwood brawls https://t.co/7WqSInpMb2,90,995956091136761856,2018-05-14 09:16:50,26,10,
65,Spanish Grand Prix: Mercedes' Lewis Hamilton 'rejuvenated' by victory https://t.co/WbwNuB6fHU,93,995956081984724992,2018-05-14 09:16:48,47,9,
66,UK needs Brexit 'safe harbour' - David Miliband https://t.co/2vzhuWGZwM,71,995954389041975296,2018-05-14 09:10:04,51,20,
67,"RT @VictoriaLIVE: ?It?s problematic to think civil partnerships are fine, or equal to marriage, when historically they were designed as a l?",140,995952878564073472,2018-05-14 09:04:04,0,12,
68,"Ramadan: How to exercise, eat and sleep well while fasting https://t.co/jg6qAYGA6m",82,995951454111387649,2018-05-14 08:58:25,222,141,
69,"RT @VictoriaLIVE: Should heterosexual couples be able to have a civil partnership?

This couple are taking their case to the Supreme Court?",139,995948631017558016,2018-05-14 08:47:12,0,31,
70,"RT @BBCSport: Arsene Wenger bowed out with a smile on his face.

Here's his final interview as Arsenal boss.

?? https://t.co/jzGX2N6g8r ht?",140,995947993256873984,2018-05-14 08:44:40,0,58,
71,Brexit: Jeremy Hunt warns Boris Johnson over customs comments https://t.co/I6k5bvhYXd,85,995944482918060032,2018-05-14 08:30:43,29,20,
72,"British Gas owner Centrica loses another 110,000 accounts https://t.co/GODtUWoNAh",81,995942759273025537,2018-05-14 08:23:52,31,30,
73,RT @BBCNewsGraphics: Illustrated guide: Veil? Sleeveless? Long train? What will Meghan Markle's wedding dress look like? https://t.co/GiV75?,140,995934714748948480,2018-05-14 07:51:54,0,23,
74,RT @BBCOne: This absolutely heart-breaking moment from Blue Planet II wins the @BAFTA for Must-See Moment. #BAFTATV @OurBluePlanet https://?,140,995932541961023489,2018-05-14 07:43:16,0,1191,
75,"RT @BBCSport: Mohamed Salah set a new Premier League scoring record.

It was a day to remember for the Liverpool forward.

? https://t.co/v?",140,995932289841483776,2018-05-14 07:42:16,0,65,
76,"RT @BBCBreakfast: ""This is really the least we can do.""
Health Secretary @Jeremy_Hunt has announced more funding for brain cancer research?",139,995932222355050496,2018-05-14 07:41:59,0,29,
77,"RT @BBCNewsbeat: ""I couldn?t feel pain ? I couldn?t feel anything.""
This is Amelia's story of the Manchester bomb attack last May.
https://?",140,995930961073360896,2018-05-14 07:36:59,0,29,
78,Alfie Evans: Private funeral to be held https://t.co/H7p94ruZ5Q,63,995921575881924608,2018-05-14 06:59:41,64,18,
79,"RT @BBCSport: Barcelona's dream of becoming the invincibles is over.

Their unbeaten run came to a dramatic end.

? https://t.co/lyH9lgYIWn?",140,995921348194131968,2018-05-14 06:58:47,0,53,
80,"RT @BBCFergusWalsh: The NHS is ""one of our country's greatest treasures"", Prince William will say: https://t.co/Ew0iRdyFRH",122,995914241310896128,2018-05-14 06:30:32,0,27,
81,Danny Cipriani to join Gloucester next season to help England career https://t.co/IFca4XO1wE,92,995913956819685378,2018-05-14 06:29:25,29,7,
82,"RT @BBCMaryam: As an AI expert warns against testing driverless cars on public roads,we want 2 know,do u want driverless test cars on your?",139,995913146840829952,2018-05-14 06:26:12,0,31,
83,Prince William praises 'wonderful' NHS staff https://t.co/owDsOLRblg,68,995904655803801600,2018-05-14 05:52:27,447,87,
84,"News Daily: MI5 warns over IS and Russia, and kidnapped Brits 'grateful' for release https://t.co/iYncwqNQaO",108,995898281766146048,2018-05-14 05:27:07,35,24,
85,50 Great World Cup moments: Maxi Rodriguez's incredible goal in 2006 https://t.co/SmKmB8oBOS,92,995895993169317890,2018-05-14 05:18:02,42,5,
86,Bafta TV Awards: The best bits in 100 seconds https://t.co/hlOzxyb0H6,69,995891376062595072,2018-05-14 04:59:41,42,10,
87,Two dead in parachute light aircraft crash https://t.co/kpeOsthPxB,66,995886559739117568,2018-05-14 04:40:33,30,22,
88,Surabaya: Suicide bombers attack Indonesia police headquarters https://t.co/osj6YoYjur,86,995877246782115840,2018-05-14 04:03:32,41,74,
89,Funding doubled for Tessa Jowell research https://t.co/oZZZnslUwN,65,995876120028381186,2018-05-14 03:59:04,54,11,
90,Jerusalem embassy: US officials to attend opening ceremony https://t.co/yg8RiapJqj,82,995868479898177542,2018-05-14 03:28:42,37,23,
91,Victims of serious crime face arrest https://t.co/gSveGSM496,60,995866685759467521,2018-05-14 03:21:34,33,49,
92,Royal Navy nuclear submarines to get ?2.5bn boost https://t.co/0WSiGTJEXM,73,995861983336550400,2018-05-14 03:02:53,80,28,
93,BBC Young Musician: Teenage pianist Lauren Zhang wins 2018 title https://t.co/pPT8Ahpa7Z,88,995857302052917248,2018-05-14 02:44:17,86,31,
94,Sharp rise in mentally ill children aged under 11 https://t.co/QYP21R6My8,73,995856109209554944,2018-05-14 02:39:33,71,61,
95,Highlights: Hibernian 5-5 Rangers https://t.co/lvTC4qHdwZ,57,995847915863199744,2018-05-14 02:06:59,17,3,
96,11 things we learned at the TV Baftas https://t.co/Uh9YnuavyK,61,995846749607661570,2018-05-14 02:02:21,24,11,
97,The restaurateur couple who overcame arson threats https://t.co/6a36m901N2,74,995846749389455360,2018-05-14 02:02:21,21,11,
98,Volcano Kilauea: What stops eruptions of lava? https://t.co/1pHwbekodX,70,995846749125332992,2018-05-14 02:02:21,35,25,
99,Why does Ebola keep coming back? https://t.co/6Z317A32Jv,56,995845560782516224,2018-05-14 01:57:38,60,49,
100,Pupils sitting SATs taught power pose to improve focus https://t.co/SgzlfCZOny,78,995845006815526912,2018-05-14 01:55:26,69,28,
101,Royal Wedding 2018: Black Britons on the 'Meghan effect' https://t.co/bnSMlZoDpm,80,995845006731698177,2018-05-14 01:55:26,88,24,
102,Kim Jong-un: What's it like having the same name as a North Korean leader? https://t.co/QZigws8YlV,98,995844440018309120,2018-05-14 01:53:11,39,24,
103,"IS still threatens Europe, warns MI5 chief https://t.co/FX6wWAbTbk",66,995842665274138624,2018-05-14 01:46:07,47,34,
104,What kind of wedding dress will Meghan Markle wear? https://t.co/wixxi8oOZA,75,995822401077370880,2018-05-14 00:25:36,67,22,
105,Players Championship: Webb Simpson claims four shot win as Tiger Woods falls short of final round comeback https://t.co/e0pIDY90tS,130,995809081704239105,2018-05-13 23:32:40,24,13,
106,The Papers: 'Russia poisoning broke international law' https://t.co/Wqj5nyX8Ty,78,995800793579171840,2018-05-13 22:59:44,77,53,
107,Surabaya church attacks: Indonesian family of bombers 'had been to Syria' https://t.co/t1J7QU2o6M,97,995794385970360321,2018-05-13 22:34:17,40,40,
108,Mauricio Pochettino: Tottenham manager says club must 'take risks' to improve https://t.co/n4LW5FWepi,101,995792014871580672,2018-05-13 22:24:51,52,8,
109,Baftas: Small screen stars on red carpet https://t.co/LsTT7LROle,64,995784210182033410,2018-05-13 21:53:51,131,18,
110,Levante 5-4 Barcelona https://t.co/z2fvNZ5AiC,45,995773628024328192,2018-05-13 21:11:48,111,40,
111,Kidnapped Brits 'very grateful' after release https://t.co/cUChEuNVqh,69,995765053721862145,2018-05-13 20:37:43,109,26,
112,John Motson: Emotional tributes to Motty before final commentary https://t.co/3P3LcbtOfl,88,995761022618230786,2018-05-13 20:21:42,284,42,
113,Theresa May raises jailed Britons' cases with Iran https://t.co/O7qis4fFCz,74,995747050489860097,2018-05-13 19:26:11,76,29,
114,Jerusalem embassy: Ivanka Trump and Jared Kushner arrive for Monday opening https://t.co/euD4mPt34e,99,995741715255517186,2018-05-13 19:04:59,75,41,
115,Challenge Cup: Toronto Wolfpack 10-66 Warrington Wolves top moments https://t.co/S3wWUCzoc2,91,995737700249587714,2018-05-13 18:49:02,18,6,
116,Bafta TV Awards 2018: First winners announced https://t.co/z5LHelwj72,69,995737104385748993,2018-05-13 18:46:40,70,14,
117,"It's almost time for the #baftatv awards. 

Watch the ceremony on @BBCOne from 20:00 BST https://t.co/f1kAepbve4",112,995736997405839360,2018-05-13 18:46:14,99,27,
118,Doctor Who: 'Absolutely incredible' https://t.co/EfzJ896Hki,59,995730704427339781,2018-05-13 18:21:14,292,79,
119,"Welcome to medieval fight club! ??

https://t.co/EXJBtEDr19 https://t.co/Z54Kfy9iEx",83,995728128910639105,2018-05-13 18:11:00,153,56,
120,Southampton 0-1 Manchester City https://t.co/bLWPo1dV5S,55,995726128055750657,2018-05-13 18:03:03,48,4,
121,Man stabbed near National Theatre on South Bank https://t.co/58VXp6Gx1g,71,995716928952991746,2018-05-13 17:26:30,52,56,
122,"RT @BBCMOTD: Salah 32 ?
Kane 30 ?
Aguero 21 ?

Well-deserved @MoSalah ??? 

? https://t.co/y8txFEtBmp #MOTD #LFC https://t.co/lLZYbrMDMw",136,995711754465398784,2018-05-13 17:05:56,0,233,
123,Challenge Cup: Hull KR 10-28 Wigan Warriors https://t.co/nRaPsMv5Dz,67,995711130273243138,2018-05-13 17:03:27,20,3,
124,"?In the end, what gives a life meaning is not only how it is lived, but how it draws to a close.?

We remember the? https://t.co/goBkdvMAgz",139,995708042451869697,2018-05-13 16:51:11,689,221,
125,Premier League: Liverpool finish fourth as Swansea are relegated https://t.co/Qht3p1roJC,88,995705170947387393,2018-05-13 16:39:46,98,19,
126,"RT @BBCSport: Arsene Wenger's 1235-game reign ended in victory for Arsenal ?

#MerciArsene 

? https://t.co/zNHkWaBxnf #AFC https://t.co/yZ?",140,995697703265947649,2018-05-13 16:10:06,0,231,
127,Salah breaks Premier League scoring record https://t.co/vpnowDiLGM,66,995697051726962688,2018-05-13 16:07:30,257,62,
128,"RT @BBCSport: FT Liverpool 4-0 Brighton
Newcastle 3-0 Chelsea

The Reds will be playing Champions League football next season, the Blues go?",140,995694064002568192,2018-05-13 15:55:38,0,154,
129,"RT @BBCSport: FT Swansea 1-2 Stoke

It's all over for #Swans - they will play in the Championship next season https://t.co/EAbMxKLlbr #SWAS?",140,995693441504989189,2018-05-13 15:53:10,0,83,
130,"RT @BBCSport: GOAL! Southampton 0-1 Man City

?!!!

Gabriel Jesus scores and Man City are heading for a record-breaking 100 points https://?",140,995692992487919616,2018-05-13 15:51:23,0,98,
131,Eurovision 2018: SuRie stage invader 'climbed into camera run' https://t.co/bs5woMBCDZ,86,995692152834359297,2018-05-13 15:48:02,33,17,
132,?21bn Briton has turned cast-offs into gold https://t.co/a1X58pYsqy,67,995689241874255873,2018-05-13 15:36:28,40,14,
133,Giro d'Italia: Simon Yates wins stage nine to extend lead as Chris Froome fades https://t.co/4ZObRQU0sx,103,995685721280217089,2018-05-13 15:22:29,45,12,
134,Dame Tessa Jowell was 'brave' and 'inspirational' https://t.co/CoX7YFp5mC,73,995683997324898305,2018-05-13 15:15:38,144,39,
135,Lewis Hamilton dominates Spanish Grand Prix https://t.co/0m02lNYx48,67,995679911556931584,2018-05-13 14:59:24,98,25,
136,"RT @BBCSport: Here's how it's looking at half-time in the Premier League.

Live text ? https://t.co/EAbMxKLlbr

#bbcfootball https://t.co/p?",140,995679417019052032,2018-05-13 14:57:26,0,24,
137,"RT @BBCSport: Lewis Hamilton wins the Spanish Grand Prix to go 17 points clear of Sebastian Vettel in the Drivers' Championship. 

Live: ht?",140,995679271510331393,2018-05-13 14:56:51,0,210,
138,Celtic 0-1 Aberdeen https://t.co/9wsuISexVj,43,995675222564012034,2018-05-13 14:40:46,54,11,
139,"RT @BBCMOTD: No player has ever scored 32 goals in a 38-game top-flight season.

Until now. 

#LFC #bbcfootball 
https://t.co/C1syEc0Wke ht?",140,995672015838302208,2018-05-13 14:28:01,0,350,
140,"RT @BBCSport: GOAL! Liverpool 1-0 Brighton

Guess who?

Mohamed Salah scores his 32nd goal of the season to break Alan Shearer's goalscorin?",140,995671849508966400,2018-05-13 14:27:22,0,179,
141,"RT @BBCSport: Warning: Wolves lie in wait ?

It's nearly time for Toronto Wolfpack v Warrington Wolves!

#ChallengeCup live on @BBCTwo and?",139,995667011316473856,2018-05-13 14:08:08,0,9,
142,"RT @BBCSport: We're under way on the final day of the Premier League season!

Live text ? https://t.co/0NTQB2qmIa

Get involved #bbcfootbal?",140,995666380816076801,2018-05-13 14:05:38,0,18,
143,Would you give your kids total freedom? https://t.co/imtGID6RhF,63,995664714133798912,2018-05-13 13:59:01,35,12,
144,'Class A drugs' found at Home Office headquarters https://t.co/fzERH0JRYq,73,995662927167356929,2018-05-13 13:51:55,137,90,
145,"RT @bbcf1: ? Hamilton leads 
? Vettel is up to 2nd
?First lap crash after Grosjean spins
?Grosjean, Hulkenberg &amp; Gasly are out after the cr?",144,995661018360578048,2018-05-13 13:44:19,0,49,
146,Britons held in DR Congo freed https://t.co/Lysm6Ukrli,54,995654824321601536,2018-05-13 13:19:43,91,28,
147,"RT @bbcf1: Good start for Hamilton! He fends off Bottas at turn one - but Vettel is past into second!

There's a huge crash at the back,  R?",140,995654616254738433,2018-05-13 13:18:53,0,20,
148,Safety car already out https://t.co/pnAqmkwcMv,46,995653856586543106,2018-05-13 13:15:52,66,33,
149,England beat Italy in walking-football with Charlton brother https://t.co/9EsyJy6yVx,84,995650394368958465,2018-05-13 13:02:06,58,13,
150,Margaret River shooting: Grandfather 'planned' Australia deaths https://t.co/LB57t62GOo,87,995648119516942337,2018-05-13 12:53:04,32,14,
151,Mohamed Salah: Liverpool forward named Premier League Player of the Season https://t.co/FndfxSCA7r,98,995648111145095168,2018-05-13 12:53:02,250,76,
152,"RT @BBCSport: Lord Coe has paid tribute to the late Dame Tessa Jowell, saying without her London 2012 would not have happened. 

More: http?",140,995633632931930112,2018-05-13 11:55:30,0,25,
153,British man missing in Colombia found dead https://t.co/IB6C70qmCY,66,995633629270368256,2018-05-13 11:55:29,53,29,
154,Dame Tessa Jowell 'convinced me to make Olympic bid' https://t.co/7tS9naV1hy,76,995628349023244288,2018-05-13 11:34:30,102,35,
155,"RT @BBCSport: PFA Player of the Year ? 
Football Writers' Association Footballer of the Year ?
..and now:
Premier League Player of the Seas?",140,995621506519633920,2018-05-13 11:07:19,0,143,
156,'One family' behind Indonesia blasts https://t.co/ADxkYn8xA9,60,995616116474073090,2018-05-13 10:45:54,40,37,
157,'I'll keep competing with myself till I die' https://t.co/DYZzcI8L6G,68,995601326959742976,2018-05-13 09:47:08,119,17,
158,"""The prime minister is delivering exactly what the 17.4m people voted for"" - @michaelgove on #Brexit progress? https://t.co/CzC3sGG2HC",134,995590192760213504,2018-05-13 09:02:53,165,41,
159,"RT @BBCSport: It's going to be an emotional day for #JohnMotson today.

10 World Cups ?
10 European Championships ?
29 FA Cup finals ?

He?",139,995588911987658752,2018-05-13 08:57:48,0,1139,
160,"RT @MarrShow: ?Nobody credible has suggested you can have no hard border in Northern Ireland,? says @Keir_Starmer #marr https://t.co/WAqZUp?",140,995587967443001344,2018-05-13 08:54:03,0,55,
161,"Tributes being paid to Dame Tessa Jowell, after her death at the age of 70

https://t.co/Y27NHLsq35 https://t.co/FRYur0QK8a",123,995581762909753345,2018-05-13 08:29:23,119,38,
162,Spanish Grand Prix: All you need to know after Lewis Hamilton takes pole https://t.co/Vh6gGAU9iK,96,995581170946662401,2018-05-13 08:27:02,23,10,
163,"Bafta TV Awards: Ant and Dec, Blue Planet, and other things to look out for https://t.co/pGhVr5kmFw",99,995581165326274560,2018-05-13 08:27:01,40,19,
164,"RT @bbc5live: Tributes are being paid to Dame Tessa Jowell, who has died aged 70.

https://t.co/TtSQmkEvS0 https://t.co/CD1YDQ1TY7",130,995579618131365888,2018-05-13 08:20:52,0,49,
165,Jorge Bergero: I bring my orchestra to the terminally ill https://t.co/z93cVYoUae,81,995578830948589568,2018-05-13 08:17:44,110,37,
166,RT @bbcweather: Warming up tomorrow with plenty of fine weather around. Nick https://t.co/SVdHfW2j8k,100,995577400435052546,2018-05-13 08:12:03,0,25,
167,"RT @BBCSport: It's not all over quite yet.

Here's what can happen on the final day of the Premier League season.

? https://t.co/duwKAIC5p?",140,995570599773827072,2018-05-13 07:45:02,0,24,
168,Eurovision 2018: The night in pictures https://t.co/jcPTo1lPbO,62,995569592629104640,2018-05-13 07:41:02,74,14,
169,"RT @bbcnickrobinson: We will be paying tribute to the brave, inspiring changemaker Tessa Jowell on #Marr at 9am &amp; playing part of my interv?",144,995568001473753089,2018-05-13 07:34:42,0,72,
170,"Brexit: I will not let you down, Theresa May promises https://t.co/06Vi0rxnGl",77,995567260529029120,2018-05-13 07:31:46,243,81,
171,"ICYMI: Chocolate, Putin and a Lego wedding https://t.co/dATqM4GqR1",66,995564882786385921,2018-05-13 07:22:19,29,10,
172,Obituary: Dame Tessa Jowell https://t.co/7Ieu1S38v8,51,995564877191303169,2018-05-13 07:22:18,263,95,
173,Eurovision 2018: Netta wins for Israel with Toy https://t.co/tCedC4Zxjm,71,995557828499734528,2018-05-13 06:54:17,103,22,
174,Paris knife attack: Suspect 'born in Russia's Chechnya' https://t.co/lW2YENsaza,79,995557828411691008,2018-05-13 06:54:17,53,36,
175,RT @bbcnickrobinson: It was a privilege to know Tessa Jowell and to talk to her about her brain cancer and her determination to use her las?,140,995555904480309248,2018-05-13 06:46:38,0,832,
176,Dame Tessa Jowell dies aged 70 https://t.co/gDzZwPpyzy,54,995554311089393666,2018-05-13 06:40:18,242,144,
177,Stage stormed during UK's Eurovision song https://t.co/VUIcp22eFx,65,995536217927290881,2018-05-13 05:28:25,58,19,
178,"Arsene Wenger years at Arsenal: Spice Girls, the iPod &amp; Barack Obama https://t.co/iSGcRXLgDR",96,995534430319071232,2018-05-13 05:21:18,44,10,
179,50 great World Cup moments: Nelinho's sublime strike for Brazil against Italy - 1978 https://t.co/b4y6P1zxhr,108,995532135493758981,2018-05-13 05:12:11,56,18,
180,Nine dead in Indonesia church bombings https://t.co/QBdwsCk6Fh,62,995526943843016704,2018-05-13 04:51:34,49,112,
181,Escaped horses force M11 closure near Harlow https://t.co/CuQnxynRkg,68,995512330472607745,2018-05-13 03:53:29,49,22,
182,Mariah Carey to headline Livewire Festival in Blackpool https://t.co/Y1URWAtimy,79,995477903587540992,2018-05-13 01:36:41,81,26,
183,Deadpool: David Beckham gets apology from superhero who mocked his voice https://t.co/sD89mpxOtH,96,995477903562477568,2018-05-13 01:36:41,257,69,
184,Queen consents to Harry and Meghan's marriage https://t.co/FHzXsxHoDc,69,995475405674041344,2018-05-13 01:26:46,297,69,
185,Putting the fizz back into Catalonia's cava https://t.co/2HFxTq8kss,67,995470259791548418,2018-05-13 01:06:19,25,8,
186,The couple who care for stricken dogs in an Indian beach town https://t.co/Pz0MCeRXPd,85,995470259749564416,2018-05-13 01:06:19,88,30,
187,BDSM and consent: How to stop rough sex crossing the line into abuse https://t.co/PgK94QYD1P,92,995470251843350533,2018-05-13 01:06:17,59,23,
188,Men-only event at US mosque sparks backlash https://t.co/ciyzSIZjgF,67,995469607535304705,2018-05-13 01:03:44,23,10,
189,Should we sleep and wake early to boost our health? https://t.co/HQiDh0ash4,75,995467873689759745,2018-05-13 00:56:50,83,24,
190,"?OK, I?m fat - and this is how it feels? https://t.co/mPtrckXH6F",64,995467866395889665,2018-05-13 00:56:48,72,23,
191,"'Oldest' turtle, 80, returns to Blackpool after 15 years https://t.co/yIglsSgygO",80,995466750912356352,2018-05-13 00:52:22,202,56,
192,How to break your wet-wipe addiction https://t.co/8LhDjPzmnE,60,995466143426072577,2018-05-13 00:49:58,35,7,
193,The legendary director on his love of Polaroid https://t.co/2TZLn4i5Oo,70,995465531485491200,2018-05-13 00:47:32,29,6,
194,Royal wedding: Fans travel across the globe to join 'a real-life fairy tale' https://t.co/XR7yIWmWg5,100,995465525986721797,2018-05-13 00:47:30,117,30,
195,Your pictures: My camera https://t.co/Zo3bPO8wZL,48,995464882131742721,2018-05-13 00:44:57,13,13,
196,Kid's top tips for Meghan Markle https://t.co/cIuc6ok2KX,56,995464270635823104,2018-05-13 00:42:31,37,10,
197,EU rough sleepers win damages for illegal deportations https://t.co/c8c9Iyvjjl,78,995458415756500992,2018-05-13 00:19:15,35,13,
198,Rich List 2018: Jim Ratcliffe is UK's richest man https://t.co/39UwHCgy2I,73,995454185998028806,2018-05-13 00:02:27,70,31,
199,The Papers: 'A dozen ministers desert May on customs' https://t.co/iWT54nFHeP,77,995452408691085312,2018-05-12 23:55:23,31,20,
